-- phpMyAdmin SQL Dump
-- version 4.8.5
-- https://www.phpmyadmin.net/
--
-- Host: 127.0.0.1
-- Generation Time: Jan 29, 2020 at 03:40 PM
-- Server version: 10.1.40-MariaDB
-- PHP Version: 7.2.18

SET SQL_MODE = "NO_AUTO_VALUE_ON_ZERO";
SET AUTOCOMMIT = 0;
START TRANSACTION;
SET time_zone = "+00:00";


/*!40101 SET @OLD_CHARACTER_SET_CLIENT=@@CHARACTER_SET_CLIENT */;
/*!40101 SET @OLD_CHARACTER_SET_RESULTS=@@CHARACTER_SET_RESULTS */;
/*!40101 SET @OLD_COLLATION_CONNECTION=@@COLLATION_CONNECTION */;
/*!40101 SET NAMES utf8mb4 */;

--
-- Database: `apilaravel`
--

-- --------------------------------------------------------

--
-- Table structure for table `failed_jobs`
--

CREATE TABLE `failed_jobs` (
  `id` bigint(20) UNSIGNED NOT NULL,
  `connection` text COLLATE utf8mb4_unicode_ci NOT NULL,
  `queue` text COLLATE utf8mb4_unicode_ci NOT NULL,
  `payload` longtext COLLATE utf8mb4_unicode_ci NOT NULL,
  `exception` longtext COLLATE utf8mb4_unicode_ci NOT NULL,
  `failed_at` timestamp NOT NULL DEFAULT CURRENT_TIMESTAMP
) ENGINE=InnoDB DEFAULT CHARSET=utf8mb4 COLLATE=utf8mb4_unicode_ci;

-- --------------------------------------------------------

--
-- Table structure for table `migrations`
--

CREATE TABLE `migrations` (
  `id` int(10) UNSIGNED NOT NULL,
  `migration` varchar(255) COLLATE utf8mb4_unicode_ci NOT NULL,
  `batch` int(11) NOT NULL
) ENGINE=InnoDB DEFAULT CHARSET=utf8mb4 COLLATE=utf8mb4_unicode_ci;

--
-- Dumping data for table `migrations`
--

INSERT INTO `migrations` (`id`, `migration`, `batch`) VALUES
(11, '2014_10_12_000000_create_users_table', 1),
(12, '2014_10_12_100000_create_password_resets_table', 1),
(13, '2016_06_01_000001_create_oauth_auth_codes_table', 1),
(14, '2016_06_01_000002_create_oauth_access_tokens_table', 1),
(15, '2016_06_01_000003_create_oauth_refresh_tokens_table', 1),
(16, '2016_06_01_000004_create_oauth_clients_table', 1),
(17, '2016_06_01_000005_create_oauth_personal_access_clients_table', 1),
(18, '2019_08_19_000000_create_failed_jobs_table', 1),
(19, '2020_01_28_050904_create_products_table', 1),
(20, '2020_01_28_050955_create_reviews_table', 1);

-- --------------------------------------------------------

--
-- Table structure for table `oauth_access_tokens`
--

CREATE TABLE `oauth_access_tokens` (
  `id` varchar(100) COLLATE utf8mb4_unicode_ci NOT NULL,
  `user_id` bigint(20) DEFAULT NULL,
  `client_id` int(10) UNSIGNED NOT NULL,
  `name` varchar(255) COLLATE utf8mb4_unicode_ci DEFAULT NULL,
  `scopes` text COLLATE utf8mb4_unicode_ci,
  `revoked` tinyint(1) NOT NULL,
  `created_at` timestamp NULL DEFAULT NULL,
  `updated_at` timestamp NULL DEFAULT NULL,
  `expires_at` datetime DEFAULT NULL
) ENGINE=InnoDB DEFAULT CHARSET=utf8mb4 COLLATE=utf8mb4_unicode_ci;

--
-- Dumping data for table `oauth_access_tokens`
--

INSERT INTO `oauth_access_tokens` (`id`, `user_id`, `client_id`, `name`, `scopes`, `revoked`, `created_at`, `updated_at`, `expires_at`) VALUES
('a76d1671bbd3e39021e2ce06628a6fe5d3a9de220340869b1781950e97a9f500e3253fc0051f0978', 5, 2, NULL, '[]', 0, '2020-01-29 06:24:27', '2020-01-29 06:24:27', '2021-01-29 12:24:27');

-- --------------------------------------------------------

--
-- Table structure for table `oauth_auth_codes`
--

CREATE TABLE `oauth_auth_codes` (
  `id` varchar(100) COLLATE utf8mb4_unicode_ci NOT NULL,
  `user_id` bigint(20) NOT NULL,
  `client_id` int(10) UNSIGNED NOT NULL,
  `scopes` text COLLATE utf8mb4_unicode_ci,
  `revoked` tinyint(1) NOT NULL,
  `expires_at` datetime DEFAULT NULL
) ENGINE=InnoDB DEFAULT CHARSET=utf8mb4 COLLATE=utf8mb4_unicode_ci;

-- --------------------------------------------------------

--
-- Table structure for table `oauth_clients`
--

CREATE TABLE `oauth_clients` (
  `id` int(10) UNSIGNED NOT NULL,
  `user_id` bigint(20) DEFAULT NULL,
  `name` varchar(255) COLLATE utf8mb4_unicode_ci NOT NULL,
  `secret` varchar(100) COLLATE utf8mb4_unicode_ci DEFAULT NULL,
  `redirect` text COLLATE utf8mb4_unicode_ci NOT NULL,
  `personal_access_client` tinyint(1) NOT NULL,
  `password_client` tinyint(1) NOT NULL,
  `revoked` tinyint(1) NOT NULL,
  `created_at` timestamp NULL DEFAULT NULL,
  `updated_at` timestamp NULL DEFAULT NULL
) ENGINE=InnoDB DEFAULT CHARSET=utf8mb4 COLLATE=utf8mb4_unicode_ci;

--
-- Dumping data for table `oauth_clients`
--

INSERT INTO `oauth_clients` (`id`, `user_id`, `name`, `secret`, `redirect`, `personal_access_client`, `password_client`, `revoked`, `created_at`, `updated_at`) VALUES
(1, NULL, 'Laravel Personal Access Client', 'LyfWj4DIU12yuFTFaXjOxvi79dFdDE8aPclZuJWV', 'http://localhost', 1, 0, 0, '2020-01-29 06:21:41', '2020-01-29 06:21:41'),
(2, NULL, 'Laravel Password Grant Client', 'ZJRxWA4e7zughtUgV4m1UmR89RqBhdYn69d0A8FV', 'http://localhost', 0, 1, 0, '2020-01-29 06:21:41', '2020-01-29 06:21:41');

-- --------------------------------------------------------

--
-- Table structure for table `oauth_personal_access_clients`
--

CREATE TABLE `oauth_personal_access_clients` (
  `id` int(10) UNSIGNED NOT NULL,
  `client_id` int(10) UNSIGNED NOT NULL,
  `created_at` timestamp NULL DEFAULT NULL,
  `updated_at` timestamp NULL DEFAULT NULL
) ENGINE=InnoDB DEFAULT CHARSET=utf8mb4 COLLATE=utf8mb4_unicode_ci;

--
-- Dumping data for table `oauth_personal_access_clients`
--

INSERT INTO `oauth_personal_access_clients` (`id`, `client_id`, `created_at`, `updated_at`) VALUES
(1, 1, '2020-01-29 06:21:41', '2020-01-29 06:21:41');

-- --------------------------------------------------------

--
-- Table structure for table `oauth_refresh_tokens`
--

CREATE TABLE `oauth_refresh_tokens` (
  `id` varchar(100) COLLATE utf8mb4_unicode_ci NOT NULL,
  `access_token_id` varchar(100) COLLATE utf8mb4_unicode_ci NOT NULL,
  `revoked` tinyint(1) NOT NULL,
  `expires_at` datetime DEFAULT NULL
) ENGINE=InnoDB DEFAULT CHARSET=utf8mb4 COLLATE=utf8mb4_unicode_ci;

--
-- Dumping data for table `oauth_refresh_tokens`
--

INSERT INTO `oauth_refresh_tokens` (`id`, `access_token_id`, `revoked`, `expires_at`) VALUES
('54a522313a2a54c9afbc5bb66bf6daeb8d89c2a3ff2bc7092300d44925a93c93a2eaf71100ac3177', 'a76d1671bbd3e39021e2ce06628a6fe5d3a9de220340869b1781950e97a9f500e3253fc0051f0978', 0, '2021-01-29 12:24:27');

-- --------------------------------------------------------

--
-- Table structure for table `password_resets`
--

CREATE TABLE `password_resets` (
  `email` varchar(150) COLLATE utf8mb4_unicode_ci NOT NULL,
  `token` varchar(255) COLLATE utf8mb4_unicode_ci NOT NULL,
  `created_at` timestamp NULL DEFAULT NULL
) ENGINE=InnoDB DEFAULT CHARSET=utf8mb4 COLLATE=utf8mb4_unicode_ci;

-- --------------------------------------------------------

--
-- Table structure for table `products`
--

CREATE TABLE `products` (
  `id` int(10) UNSIGNED NOT NULL,
  `name` varchar(255) COLLATE utf8mb4_unicode_ci NOT NULL,
  `detail` text COLLATE utf8mb4_unicode_ci NOT NULL,
  `price` double NOT NULL,
  `stock` int(11) NOT NULL,
  `discount` double NOT NULL,
  `user_id` int(10) UNSIGNED NOT NULL,
  `created_at` timestamp NULL DEFAULT NULL,
  `updated_at` timestamp NULL DEFAULT NULL
) ENGINE=InnoDB DEFAULT CHARSET=utf8mb4 COLLATE=utf8mb4_unicode_ci;

--
-- Dumping data for table `products`
--

INSERT INTO `products` (`id`, `name`, `detail`, `price`, `stock`, `discount`, `user_id`, `created_at`, `updated_at`) VALUES
(2, 'id', 'Ad sunt molestiae dolor repellat quia provident. Praesentium ut inventore ut ad et quo. Alias ut doloribus vel amet iusto.', 926, 2, 23, 2, '2020-01-29 06:08:11', '2020-01-29 06:08:11'),
(3, 'voluptas', 'Odio consectetur hic sapiente veniam. Qui omnis quo voluptates animi ipsa. Ut et ut dolorem voluptatem. Atque perferendis eos ut ut aut.', 556, 9, 12, 1, '2020-01-29 06:08:11', '2020-01-29 06:08:11'),
(4, 'I phon 123', 'The Best Porro incidunt blanditiis eius est doloribus explicabo. Omnis ratione repellat minus ducimus cumque. Ipsa inventore nemo accusamus accusantium ex ut. Libero deleniti natus occaecati.', 100, 10, 50, 5, '2020-01-29 06:08:11', '2020-01-29 06:29:35'),
(5, 'exercitationem', 'Eius repellat distinctio fuga quisquam eligendi ipsam. Mollitia rem vitae doloribus qui voluptas aut aliquid. Aspernatur reprehenderit recusandae ut sunt quia tempora. Est aliquid temporibus veritatis vel amet libero asperiores eaque.', 606, 5, 26, 5, '2020-01-29 06:08:11', '2020-01-29 06:08:11'),
(6, 'omnis', 'Aut doloremque et repellendus in corrupti sunt voluptatum. Sed aut a eaque. Dolor inventore autem quis suscipit perspiciatis. Deleniti reprehenderit ullam beatae repellat sint. Laudantium repellat deleniti reprehenderit illo.', 841, 1, 30, 3, '2020-01-29 06:08:11', '2020-01-29 06:08:11'),
(7, 'aliquid', 'Laborum itaque dolores dolorum aut quis. Odit omnis qui delectus minima laboriosam harum. Omnis similique eveniet neque eligendi beatae id et. Est quibusdam in magni a ut.', 691, 4, 10, 2, '2020-01-29 06:08:11', '2020-01-29 06:08:11'),
(8, 'sed', 'Tempora possimus voluptas voluptas enim. Qui vel enim dolores. Dolor doloribus ipsum numquam. Nostrum quo ut sit perferendis excepturi.', 239, 2, 25, 2, '2020-01-29 06:08:11', '2020-01-29 06:08:11'),
(9, 'ad', 'Ipsa accusamus voluptas vero hic. Amet libero accusantium repellendus sed cum dicta reiciendis. Eaque recusandae nihil voluptatem ullam rem facilis.', 608, 8, 13, 2, '2020-01-29 06:08:11', '2020-01-29 06:08:11'),
(10, 'voluptas', 'Officiis temporibus doloribus nihil in accusantium numquam aut. Blanditiis tempora qui itaque rem nihil sed. Illum et praesentium laborum consequatur.', 619, 8, 13, 3, '2020-01-29 06:08:11', '2020-01-29 06:08:11'),
(11, 'beatae', 'Debitis est voluptas eum eaque. Molestias distinctio omnis est ea quia ipsum. Possimus aut fuga culpa voluptatem.', 649, 2, 12, 5, '2020-01-29 06:08:11', '2020-01-29 06:08:11'),
(12, 'et', 'Asperiores et molestiae veniam beatae quasi est provident non. Voluptatum incidunt vitae debitis modi aut et eum.', 945, 6, 20, 5, '2020-01-29 06:08:12', '2020-01-29 06:08:12'),
(13, 'velit', 'Perspiciatis ea consequuntur nulla. Deleniti accusamus quo aut. Voluptatum voluptatibus odit ipsa quia impedit dolore earum.', 666, 1, 20, 5, '2020-01-29 06:08:12', '2020-01-29 06:08:12'),
(14, 'velit', 'Et molestias voluptas distinctio. Expedita aut et vel quia ut velit dolores. Alias in quia aperiam qui quidem quaerat. Aspernatur est illum maxime excepturi dolorem modi perferendis ullam.', 967, 6, 23, 5, '2020-01-29 06:08:12', '2020-01-29 06:08:12'),
(15, 'voluptatum', 'Et at ducimus est consequatur mollitia voluptas sunt. Ut quis hic delectus suscipit sequi reprehenderit. Occaecati ullam rerum ullam cumque eligendi dicta.', 996, 8, 11, 1, '2020-01-29 06:08:12', '2020-01-29 06:08:12'),
(16, 'sit', 'Eligendi voluptates hic aut vel omnis id. Deleniti vel molestias ad doloremque nobis et. Minus consequatur fugiat in ut in. Iusto similique at sed quod.', 807, 6, 2, 3, '2020-01-29 06:08:12', '2020-01-29 06:08:12'),
(17, 'earum', 'Beatae temporibus ad non quod ut eum deleniti. Quisquam quibusdam provident sint sequi optio autem molestiae. Nulla aut vel accusamus et.', 767, 9, 15, 2, '2020-01-29 06:08:12', '2020-01-29 06:08:12'),
(18, 'ut', 'Aut temporibus totam sapiente similique est molestiae. Est numquam error sed doloribus non. Perferendis ratione non qui pariatur. Sit fuga in qui quidem a soluta.', 895, 6, 17, 5, '2020-01-29 06:08:12', '2020-01-29 06:08:12'),
(19, 'et', 'Fuga occaecati sint officiis maiores voluptatem. Accusantium officiis aut dolor explicabo soluta. Officiis et laboriosam veritatis ducimus magnam error dolor.', 691, 5, 11, 4, '2020-01-29 06:08:12', '2020-01-29 06:08:12'),
(20, 'delectus', 'Quibusdam ut sit est deserunt laudantium nesciunt. Temporibus quia modi et maxime sapiente non ut.', 789, 4, 10, 1, '2020-01-29 06:08:12', '2020-01-29 06:08:12'),
(21, 'pariatur', 'Atque porro architecto mollitia ipsa saepe dicta voluptas. Quia autem fugiat et aliquid voluptatem voluptate. Perspiciatis dolor eaque est ex aperiam nisi.', 950, 3, 11, 1, '2020-01-29 06:08:12', '2020-01-29 06:08:12'),
(22, 'eum', 'Maxime non necessitatibus ducimus quo. Quo id sequi similique libero ut. Molestias dolorem quisquam voluptatem laborum debitis perferendis non modi. Vel impedit blanditiis quos ut sit.', 274, 1, 25, 2, '2020-01-29 06:08:12', '2020-01-29 06:08:12'),
(23, 'nisi', 'Quis dicta eveniet quis dolor occaecati omnis explicabo. Impedit laudantium pariatur quidem vel. Quo accusamus eos officiis temporibus dolores et eligendi omnis. Tenetur in ut et dolore quod molestiae necessitatibus velit.', 704, 3, 21, 2, '2020-01-29 06:08:12', '2020-01-29 06:08:12'),
(24, 'modi', 'Incidunt veniam voluptatum fugit commodi. Blanditiis soluta est corporis asperiores. Quia adipisci atque eos iste iusto maxime.', 906, 6, 7, 5, '2020-01-29 06:08:12', '2020-01-29 06:08:12'),
(25, 'tempora', 'Asperiores quis reprehenderit quia praesentium ut iure molestiae omnis. In quo quibusdam omnis pariatur minima sequi placeat. Omnis rerum ea repellendus unde error. Incidunt odit minus eum qui exercitationem. Vel voluptas cumque harum necessitatibus incidunt quia autem.', 231, 2, 17, 4, '2020-01-29 06:08:12', '2020-01-29 06:08:12'),
(26, 'perferendis', 'Et nesciunt iusto earum. Quis nam explicabo ut sint. Nulla dignissimos qui impedit eius. Minima fuga eos quasi et tempora voluptatem aliquam.', 998, 7, 20, 4, '2020-01-29 06:08:12', '2020-01-29 06:08:12'),
(27, 'est', 'Ullam aliquid odit facilis aperiam. Porro aspernatur vel autem consequatur asperiores. Ut accusamus provident quisquam explicabo voluptas voluptatum esse.', 465, 4, 13, 5, '2020-01-29 06:08:12', '2020-01-29 06:08:12'),
(28, 'quidem', 'Necessitatibus reiciendis veritatis fugit eum dolore adipisci. Soluta rerum velit sint et dolorum. Sint nesciunt sit tempora eos ad est magnam non.', 458, 7, 6, 3, '2020-01-29 06:08:12', '2020-01-29 06:08:12'),
(29, 'provident', 'Nesciunt nihil impedit corrupti quae et sapiente. Ut ut aut ratione consequatur qui tenetur. Quidem dolor sunt animi animi quasi.', 870, 5, 21, 3, '2020-01-29 06:08:12', '2020-01-29 06:08:12'),
(30, 'sit', 'Laborum voluptatum non qui vel laboriosam in et. Rem in ad hic quidem id ipsa. Quas earum ipsa et vitae. Minima labore dolor voluptatum eligendi.', 375, 2, 30, 4, '2020-01-29 06:08:12', '2020-01-29 06:08:12'),
(31, 'laboriosam', 'Libero illo cumque praesentium maxime. Dolor maiores beatae corporis et quod aut. Non iure labore possimus similique ut. Porro maiores exercitationem ipsum repudiandae minima libero et.', 797, 2, 11, 4, '2020-01-29 06:08:12', '2020-01-29 06:08:12'),
(32, 'maxime', 'Voluptates nihil dolorem et perspiciatis earum ut reprehenderit. Et velit qui omnis quia unde a. Qui sint blanditiis incidunt ex vel in adipisci. Qui provident modi ex neque.', 608, 7, 17, 3, '2020-01-29 06:08:12', '2020-01-29 06:08:12'),
(33, 'vero', 'Modi maxime adipisci qui nam ut accusamus. Ea qui tenetur ullam nulla. Suscipit qui deserunt et et incidunt eius.', 868, 9, 19, 5, '2020-01-29 06:08:12', '2020-01-29 06:08:12'),
(34, 'et', 'Explicabo magni voluptates nihil illum sapiente voluptas et. Fugiat voluptatem et velit delectus ipsum sint impedit. Ipsam non ea aut ipsa. Dignissimos voluptatem officia officiis omnis fugit. Atque beatae necessitatibus enim.', 423, 2, 28, 5, '2020-01-29 06:08:12', '2020-01-29 06:08:12'),
(35, 'quo', 'Ut doloremque occaecati officia enim. Nihil quasi temporibus amet aut eos velit. Consequatur debitis id eligendi aperiam in ullam ducimus.', 503, 9, 17, 3, '2020-01-29 06:08:12', '2020-01-29 06:08:12'),
(36, 'perspiciatis', 'Est aut et necessitatibus et ab. Quidem vel qui debitis ut quia excepturi. Ad sit maxime quo veniam necessitatibus. Accusamus eos voluptatibus vel.', 103, 1, 27, 3, '2020-01-29 06:08:12', '2020-01-29 06:08:12'),
(37, 'beatae', 'Quos exercitationem cupiditate velit debitis ut minus eos. Exercitationem inventore et reprehenderit et. Provident eaque sapiente voluptatem enim ad.', 815, 5, 4, 4, '2020-01-29 06:08:12', '2020-01-29 06:08:12'),
(38, 'et', 'Odit assumenda accusantium fuga delectus quia perferendis molestias qui. Optio odio molestias consectetur deleniti numquam. Et id ut consectetur dolorem aliquid facilis. Mollitia et nisi quis beatae quisquam ratione est.', 905, 6, 19, 1, '2020-01-29 06:08:12', '2020-01-29 06:08:12'),
(39, 'facilis', 'Aspernatur iure sunt aut debitis voluptate tempora excepturi. Maiores deserunt dolore deserunt fugiat corrupti cumque asperiores. Voluptatibus laboriosam minima esse autem sit. Doloremque natus ut laboriosam praesentium mollitia aut sequi.', 903, 9, 15, 4, '2020-01-29 06:08:12', '2020-01-29 06:08:12'),
(40, 'qui', 'Occaecati natus ratione maxime aspernatur et molestiae. Non cum occaecati deserunt omnis dicta reprehenderit. Aliquam voluptatem culpa id sint ipsa.', 893, 2, 28, 2, '2020-01-29 06:08:12', '2020-01-29 06:08:12'),
(41, 'aut', 'Voluptas consequatur temporibus dicta voluptate. Quo quasi a totam minus dolores voluptatem esse. Et totam quas culpa accusamus et iure est. Reprehenderit distinctio non est sed ipsa eos.', 425, 8, 11, 1, '2020-01-29 06:08:13', '2020-01-29 06:08:13'),
(42, 'ut', 'Veritatis laborum est temporibus aut ipsam itaque. Odio et eos maxime est et. Quas similique laboriosam eum dolorem recusandae facere aperiam.', 789, 3, 22, 1, '2020-01-29 06:08:13', '2020-01-29 06:08:13'),
(43, 'modi', 'Sit et est voluptates ratione recusandae quae. Deserunt nihil dolorem dolor occaecati velit doloribus. Est aperiam doloribus quia reiciendis officiis ut et totam. Voluptatem consequuntur eum possimus nobis accusantium.', 421, 9, 6, 1, '2020-01-29 06:08:13', '2020-01-29 06:08:13'),
(44, 'et', 'Asperiores et dolorem aut vitae ut laboriosam. Voluptatem autem voluptas soluta eius. Non aut ut soluta in tempore.', 270, 9, 25, 2, '2020-01-29 06:08:13', '2020-01-29 06:08:13'),
(45, 'deleniti', 'Quisquam non dicta sed nobis ut. Maiores alias quia quo maxime autem veniam. Nisi vero modi sint nisi quas voluptas quaerat nisi.', 582, 9, 11, 5, '2020-01-29 06:08:13', '2020-01-29 06:08:13'),
(46, 'aut', 'Corrupti in nulla numquam harum vitae et magnam. Qui voluptas eligendi in. Et dolores veniam doloribus rerum nisi omnis.', 575, 9, 21, 3, '2020-01-29 06:08:13', '2020-01-29 06:08:13'),
(47, 'molestiae', 'Aut ut perspiciatis illum dolore atque. Accusamus est qui rerum enim itaque. Rerum debitis aliquam minima eligendi at.', 684, 8, 24, 4, '2020-01-29 06:08:13', '2020-01-29 06:08:13'),
(48, 'voluptatem', 'Neque autem atque eos nobis quae et. Qui mollitia ut architecto possimus et id.', 327, 8, 9, 1, '2020-01-29 06:08:13', '2020-01-29 06:08:13'),
(49, 'nostrum', 'Blanditiis accusamus quia cumque qui. Sed eligendi esse et dicta asperiores. Facere et quis ab omnis architecto neque et. Voluptates in impedit ut animi optio.', 781, 2, 16, 2, '2020-01-29 06:08:13', '2020-01-29 06:08:13'),
(50, 'nihil', 'Voluptatem quos ut aut totam mollitia vel. Dolorem officia facilis in quasi eum. Quia hic facilis eos aut iste autem ut iusto.', 425, 8, 23, 3, '2020-01-29 06:08:13', '2020-01-29 06:08:13'),
(51, 'qui', 'Perspiciatis voluptatem quis magni minus aut ab totam delectus. Tenetur nostrum quis libero libero illo. Id ea consequatur aliquid accusantium possimus qui.', 157, 3, 18, 1, '2020-01-29 06:08:13', '2020-01-29 06:08:13'),
(52, 'laborum', 'Asperiores minus quae quaerat temporibus delectus enim quod. Ut enim et aut delectus eum. Quis eum perferendis iste facere nihil.', 602, 2, 15, 3, '2020-01-29 06:08:13', '2020-01-29 06:08:13'),
(53, 'veritatis', 'Consequatur laboriosam ipsam hic voluptas vel veniam. Autem eveniet ut minus ea. Dolor est est odit. Fugiat tenetur deleniti consequatur et dolores nihil possimus.', 515, 6, 26, 3, '2020-01-29 06:08:13', '2020-01-29 06:08:13'),
(54, 'aut', 'Quidem amet iusto ex distinctio. Perferendis ut molestiae aut. Maxime neque sit laborum rerum. Qui eligendi occaecati quod tempora est. Dignissimos laboriosam et corporis.', 847, 1, 7, 3, '2020-01-29 06:08:13', '2020-01-29 06:08:13'),
(55, 'dolorum', 'Qui qui et reprehenderit harum tempore consequatur in. Autem et neque animi possimus. Est aut voluptatem alias atque eos et provident asperiores.', 453, 6, 17, 1, '2020-01-29 06:08:13', '2020-01-29 06:08:13'),
(56, 'maiores', 'Voluptates similique ea neque doloremque reiciendis modi. Itaque ut ut soluta laborum voluptas consectetur. Est quod architecto ad autem quaerat et. Officia quia exercitationem perspiciatis quia.', 510, 8, 19, 3, '2020-01-29 06:08:13', '2020-01-29 06:08:13'),
(57, 'fugit', 'Molestias provident est corrupti sunt dolore ut. Quis dolorem et earum dolor laborum. Soluta recusandae totam ea recusandae non et necessitatibus.', 707, 8, 2, 2, '2020-01-29 06:08:13', '2020-01-29 06:08:13'),
(58, 'dolor', 'Quasi distinctio dolor nobis. Sunt dolores ex dolore. Laudantium et vel qui quisquam qui aliquid optio qui. Voluptatibus deserunt et neque cumque eos et ut.', 516, 6, 28, 5, '2020-01-29 06:08:13', '2020-01-29 06:08:13'),
(59, 'modi', 'Error consequatur aut accusamus nostrum. Consectetur deleniti cum eum tempora sunt. Alias cupiditate autem omnis cum.', 802, 9, 26, 3, '2020-01-29 06:08:13', '2020-01-29 06:08:13'),
(60, 'voluptatem', 'Repellendus neque quis consequuntur reprehenderit ex repellat id. Dolor illo recusandae et velit error. Omnis aut pariatur suscipit.', 460, 9, 21, 1, '2020-01-29 06:08:13', '2020-01-29 06:08:13'),
(61, 'quibusdam', 'Sit quia dolore a quia molestiae. Repudiandae modi numquam ratione est numquam nihil possimus praesentium. Doloribus ut enim accusamus quis omnis. Voluptatem earum aut voluptatem deleniti.', 189, 5, 7, 4, '2020-01-29 06:08:13', '2020-01-29 06:08:13'),
(62, 'reiciendis', 'Hic vel explicabo neque ea excepturi. Ut voluptatem et labore reprehenderit excepturi. Ut veritatis assumenda in nostrum veritatis enim et.', 681, 4, 25, 4, '2020-01-29 06:08:13', '2020-01-29 06:08:13'),
(63, 'sit', 'Dignissimos sed qui repellendus. Voluptatem sint veritatis inventore. Aut fugiat et quaerat in quos aut. Nulla non repellendus aut est ex aliquid voluptas.', 797, 1, 30, 4, '2020-01-29 06:08:13', '2020-01-29 06:08:13'),
(64, 'distinctio', 'Nam eos dolorem facilis fugit quia. Nemo ut tempora necessitatibus in illo.', 500, 9, 16, 4, '2020-01-29 06:08:13', '2020-01-29 06:08:13'),
(65, 'est', 'Qui quas hic laborum voluptas suscipit. Et voluptate quae dignissimos quo voluptatem. Omnis et est provident aut est tempora.', 791, 5, 12, 2, '2020-01-29 06:08:13', '2020-01-29 06:08:13'),
(66, 'perspiciatis', 'Sunt omnis temporibus perspiciatis eius. Reprehenderit blanditiis eum ut ad voluptatem consequatur doloribus numquam. Sequi illo dolores delectus cumque consectetur et provident est.', 993, 7, 19, 5, '2020-01-29 06:08:13', '2020-01-29 06:08:13'),
(67, 'nostrum', 'Consequatur expedita dolor vel laborum quis libero. Voluptatum quisquam distinctio doloribus quos modi officia corrupti. Ea numquam eum sit.', 941, 0, 24, 4, '2020-01-29 06:08:13', '2020-01-29 06:08:13'),
(68, 'tenetur', 'Sunt eos asperiores laborum adipisci et. Illo minus illum vel beatae. Fugit illum occaecati sit corrupti beatae rem temporibus accusamus.', 486, 2, 21, 1, '2020-01-29 06:08:13', '2020-01-29 06:08:13'),
(69, 'facere', 'Tenetur nihil eum maxime qui temporibus. Et provident porro voluptatum dicta dicta in tempore. Et qui totam cupiditate aut corporis.', 436, 1, 27, 3, '2020-01-29 06:08:14', '2020-01-29 06:08:14'),
(70, 'porro', 'Esse eligendi ut assumenda magni perspiciatis. Mollitia quae nobis maiores voluptatem harum. Delectus molestiae sapiente distinctio asperiores esse fugit. Rerum et qui qui aut et.', 794, 7, 28, 4, '2020-01-29 06:08:14', '2020-01-29 06:08:14'),
(71, 'aut', 'Quos architecto iure dolor dignissimos dolorum aut dolores consequatur. Excepturi est temporibus provident sit vero. Qui tempore ea fugit aut eum maiores perferendis quae. Et alias temporibus sint quia rerum numquam et. Aut dolores sint nostrum consequatur adipisci amet voluptatum.', 150, 3, 6, 5, '2020-01-29 06:08:14', '2020-01-29 06:08:14'),
(72, 'et', 'Vero maxime dolor autem a voluptatem ut culpa. Qui eum voluptatem harum. Quia velit alias sed aut sunt dignissimos. Veritatis mollitia hic deserunt veniam quidem dolore et.', 268, 5, 8, 4, '2020-01-29 06:08:14', '2020-01-29 06:08:14'),
(73, 'exercitationem', 'Qui id hic quo culpa autem tempore id. Omnis dolorum dolor enim aut. In consequatur neque nemo excepturi incidunt.', 267, 5, 29, 1, '2020-01-29 06:08:14', '2020-01-29 06:08:14'),
(74, 'officiis', 'Ex dolore dolores rem numquam odio consectetur. Inventore inventore ut et vitae. In ipsam eos placeat eveniet cupiditate voluptas natus. Molestiae quo est quibusdam voluptas. Rerum esse eveniet nihil quae eligendi.', 424, 6, 8, 2, '2020-01-29 06:08:14', '2020-01-29 06:08:14'),
(75, 'tempore', 'Sunt in eos unde et maiores. Molestias et repellendus ut. At ut qui dolorem unde.', 425, 9, 13, 5, '2020-01-29 06:08:14', '2020-01-29 06:08:14'),
(76, 'aut', 'Eligendi unde consequatur non dolorem. Non nam dolores nisi qui architecto et et. Ab assumenda sequi aut earum sequi est quam.', 779, 7, 4, 4, '2020-01-29 06:08:14', '2020-01-29 06:08:14'),
(77, 'quos', 'Possimus sint consequatur dolorem officiis delectus cupiditate assumenda. Tempora deserunt ipsum aperiam soluta quas ullam. Reiciendis tenetur perspiciatis voluptate voluptatem sequi sunt.', 114, 9, 22, 2, '2020-01-29 06:08:14', '2020-01-29 06:08:14'),
(78, 'et', 'Cumque in dolores quos omnis impedit sequi accusamus. Accusamus nesciunt neque qui fuga dolores iste velit. Ipsa optio assumenda non quidem atque nam. Unde beatae aut modi atque eveniet. Eum veniam autem distinctio et aspernatur.', 238, 7, 6, 5, '2020-01-29 06:08:14', '2020-01-29 06:08:14'),
(79, 'maiores', 'Officia deserunt vel sit aspernatur et maiores eum. Illum magnam nihil nostrum quis rerum corporis. Natus soluta perferendis quas enim fugiat numquam.', 408, 2, 7, 1, '2020-01-29 06:08:14', '2020-01-29 06:08:14'),
(80, 'dolorum', 'Rem sit maiores nisi occaecati id. Culpa voluptate impedit voluptatem nihil iste fugit aut. Non voluptatum aliquam et hic doloribus sit officia repellat.', 784, 8, 21, 1, '2020-01-29 06:08:14', '2020-01-29 06:08:14'),
(81, 'quisquam', 'Et sed et porro dolorem earum at. Architecto architecto qui id eaque et. Et veniam voluptate veritatis sequi molestias.', 298, 0, 23, 5, '2020-01-29 06:08:14', '2020-01-29 06:08:14'),
(82, 'dolor', 'Qui a pariatur esse qui nam blanditiis quaerat. Aut minus est optio dolor incidunt aperiam tempore et. Facere voluptas modi aut sit et dolores eligendi. Fuga accusantium autem et a odit.', 413, 7, 4, 3, '2020-01-29 06:08:14', '2020-01-29 06:08:14'),
(83, 'sequi', 'Officia commodi architecto unde. Inventore eligendi ut est accusamus sint. Enim accusamus et ipsum nam architecto.', 878, 0, 16, 3, '2020-01-29 06:08:14', '2020-01-29 06:08:14'),
(84, 'distinctio', 'Corrupti porro commodi esse aspernatur recusandae. Ut possimus eum consequuntur voluptatem eveniet. Architecto cumque reiciendis autem quisquam. Officia nobis non enim incidunt incidunt.', 759, 4, 8, 1, '2020-01-29 06:08:14', '2020-01-29 06:08:14'),
(85, 'totam', 'Rem nobis atque eos dolores et. Ipsam ipsa reiciendis suscipit delectus repellat omnis tempora.', 843, 4, 18, 2, '2020-01-29 06:08:14', '2020-01-29 06:08:14'),
(86, 'repellat', 'Quis nostrum dolor modi non voluptatum porro. Ea consectetur dolorem dolores iste consequatur. Aperiam velit fugiat eos fuga et mollitia.', 397, 9, 20, 4, '2020-01-29 06:08:14', '2020-01-29 06:08:14'),
(87, 'et', 'Vitae tempore sequi qui in. Ratione id minima soluta nihil officia. A aut cum aut odit facere rerum.', 358, 1, 13, 4, '2020-01-29 06:08:14', '2020-01-29 06:08:14'),
(88, 'ratione', 'Id dolorem odio est debitis. Vel molestiae ipsam reiciendis debitis laudantium quia numquam. Nemo repudiandae labore consequatur quae. Iste similique distinctio sint harum accusamus. Reiciendis fugiat vel voluptas ratione voluptas sunt voluptatem.', 167, 1, 5, 5, '2020-01-29 06:08:14', '2020-01-29 06:08:14'),
(89, 'esse', 'Ut aut eaque velit atque vel itaque voluptas. Provident quidem unde exercitationem dicta mollitia. Eligendi totam quidem voluptatem et omnis saepe ullam alias.', 725, 9, 15, 2, '2020-01-29 06:08:14', '2020-01-29 06:08:14'),
(90, 'illum', 'Et ut totam eligendi quis asperiores. Modi et esse et cumque enim ut quasi. Vel nam quos eos consequatur aperiam et quia recusandae. Earum officia quia saepe rerum omnis sit.', 552, 5, 26, 3, '2020-01-29 06:08:14', '2020-01-29 06:08:14'),
(91, 'quia', 'Itaque sunt culpa non rerum. Qui ullam voluptatibus quasi voluptatum. Eum sit quo accusantium dolore nesciunt voluptatem. Excepturi sint pariatur ipsum id voluptates.', 385, 2, 3, 4, '2020-01-29 06:08:14', '2020-01-29 06:08:14'),
(92, 'doloremque', 'Est hic amet natus sint mollitia ea. Odit voluptas corporis occaecati aut veritatis.', 856, 3, 14, 2, '2020-01-29 06:08:14', '2020-01-29 06:08:14'),
(93, 'harum', 'Quibusdam labore sed ad et voluptas nostrum esse. Nesciunt non amet voluptatum omnis illo. Ut corporis amet excepturi esse nemo similique laboriosam.', 904, 3, 8, 5, '2020-01-29 06:08:14', '2020-01-29 06:08:14'),
(94, 'totam', 'Nihil quaerat et omnis laudantium aliquid ullam saepe labore. Veritatis eaque consequatur accusamus. Voluptate nobis architecto ab sequi ad neque deleniti.', 666, 9, 8, 1, '2020-01-29 06:08:14', '2020-01-29 06:08:14'),
(95, 'impedit', 'Repellat corporis provident numquam odit nisi. Ut beatae natus deleniti qui. Sequi voluptatem nihil beatae corrupti.', 300, 0, 8, 5, '2020-01-29 06:08:14', '2020-01-29 06:08:14'),
(96, 'natus', 'Aliquam maiores qui aut voluptatem quaerat fugiat est. Voluptas aspernatur ad et maxime itaque officia. Quis fugiat aut quis aut.', 673, 1, 4, 4, '2020-01-29 06:08:14', '2020-01-29 06:08:14'),
(97, 'tempora', 'Reiciendis nulla voluptatem doloribus eaque. Quis aspernatur temporibus excepturi.', 969, 6, 19, 4, '2020-01-29 06:08:14', '2020-01-29 06:08:14'),
(98, 'incidunt', 'Ut doloribus modi voluptatem dignissimos quibusdam. Amet porro ea atque eum. Dolorum sit vero officia odio.', 669, 1, 3, 3, '2020-01-29 06:08:14', '2020-01-29 06:08:14'),
(99, 'iure', 'Magnam iste natus repudiandae nisi hic rerum. Sit dolor dolorem tenetur a. Asperiores blanditiis consequatur ullam vero dolor quas quia. Quidem quos nam repudiandae error maiores et et.', 789, 5, 16, 3, '2020-01-29 06:08:15', '2020-01-29 06:08:15'),
(100, 'distinctio', 'Ut quo aspernatur ut autem. Tenetur velit facere facere deserunt. Ullam qui nulla eum.', 191, 1, 14, 4, '2020-01-29 06:08:15', '2020-01-29 06:08:15'),
(101, 'I phon 8', 'The Best Porro incidunt blanditiis eius est doloribus explicabo. Omnis ratione repellat minus ducimus cumque. Ipsa inventore nemo accusamus accusantium ex ut. Libero deleniti natus occaecati.', 100, 10, 50, 5, '2020-01-29 08:34:00', '2020-01-29 08:34:00');

-- --------------------------------------------------------

--
-- Table structure for table `reviews`
--

CREATE TABLE `reviews` (
  `id` int(10) UNSIGNED NOT NULL,
  `product_id` int(10) UNSIGNED NOT NULL,
  `customer` varchar(255) COLLATE utf8mb4_unicode_ci NOT NULL,
  `review` text COLLATE utf8mb4_unicode_ci NOT NULL,
  `star` int(11) NOT NULL,
  `created_at` timestamp NULL DEFAULT NULL,
  `updated_at` timestamp NULL DEFAULT NULL
) ENGINE=InnoDB DEFAULT CHARSET=utf8mb4 COLLATE=utf8mb4_unicode_ci;

--
-- Dumping data for table `reviews`
--

INSERT INTO `reviews` (`id`, `product_id`, `customer`, `review`, `star`, `created_at`, `updated_at`) VALUES
(1, 37, 'Lindsey Braun', 'Qui quam necessitatibus aut illo. Eveniet velit cum praesentium suscipit rerum illo facilis. Est et doloribus reiciendis eius sapiente ut.', 0, '2020-01-29 06:08:15', '2020-01-29 06:08:15'),
(2, 42, 'Dr. Rebecca Goodwin Sr.', 'Aut sapiente natus qui laborum placeat ducimus rem. Vero maxime cum reprehenderit harum ut. Consequatur laboriosam minus cumque ullam voluptas et. Sit laboriosam iusto debitis reprehenderit aliquam illo.', 1, '2020-01-29 06:08:15', '2020-01-29 06:08:15'),
(3, 66, 'Prof. Llewellyn Dietrich II', 'Corrupti qui iusto occaecati. Dolorem nisi veniam iusto ea eum fuga nobis et.', 3, '2020-01-29 06:08:16', '2020-01-29 06:08:16'),
(4, 39, 'Mrs. Chloe King', 'Culpa sed reiciendis tempora vel nobis quam quod. Dolorem provident ut sed cum iure eaque reprehenderit.', 4, '2020-01-29 06:08:16', '2020-01-29 06:08:16'),
(5, 50, 'Jannie Lebsack', 'Quas ducimus ullam dolores nostrum. Illo aut ab adipisci provident quibusdam vel. Id rerum nam quasi velit.', 0, '2020-01-29 06:08:16', '2020-01-29 06:08:16'),
(6, 52, 'Rebecca Erdman DDS', 'Laudantium maiores ratione vel suscipit. Quam amet officiis occaecati nihil vel dolores ea id. Reiciendis et omnis commodi aut velit numquam cupiditate ea. Illo ipsa repellendus soluta commodi.', 1, '2020-01-29 06:08:16', '2020-01-29 06:08:16'),
(7, 50, 'Alexys Paucek', 'Vel accusamus nihil ex placeat quis quo. Quo dignissimos distinctio omnis voluptatem excepturi rem natus placeat. Doloribus sit ducimus sit non enim rerum accusantium. Temporibus nihil officia error nihil non et.', 1, '2020-01-29 06:08:16', '2020-01-29 06:08:16'),
(8, 57, 'Gage Gleichner', 'Voluptas quibusdam dolorum aut ex officia ad. Dolor error est soluta et quod optio. Et temporibus perferendis et explicabo maiores numquam dolorem.', 1, '2020-01-29 06:08:16', '2020-01-29 06:08:16'),
(9, 40, 'Burdette Ward DVM', 'Inventore sed nostrum dolor. Itaque ipsum fugit sint beatae nihil qui.', 5, '2020-01-29 06:08:16', '2020-01-29 06:08:16'),
(10, 86, 'Hulda Russel', 'Pariatur quibusdam et est et placeat earum harum. Nihil excepturi amet architecto. Non ut molestiae a vitae deleniti. Eligendi dolores beatae tempore natus velit delectus odit optio.', 3, '2020-01-29 06:08:16', '2020-01-29 06:08:16'),
(11, 7, 'Tyler Murazik DDS', 'Est magnam modi consectetur. Sunt aliquam sit distinctio unde et. Aut praesentium laborum provident. Doloremque assumenda vel voluptas laboriosam.', 0, '2020-01-29 06:08:16', '2020-01-29 06:08:16'),
(12, 14, 'Mrs. Barbara Wunsch PhD', 'Possimus ab eum eaque quia. Sed cum veniam sint atque autem. Deserunt iste accusantium voluptatibus minus quis illum. Commodi dolore omnis qui dolores.', 2, '2020-01-29 06:08:16', '2020-01-29 06:08:16'),
(13, 50, 'Prof. Evert Nikolaus MD', 'Magnam culpa minima laborum deleniti dicta. Consectetur ipsa totam molestiae.', 1, '2020-01-29 06:08:16', '2020-01-29 06:08:16'),
(14, 51, 'Urban Fisher IV', 'Numquam consequatur cupiditate voluptas vero illum eius. Aspernatur a praesentium commodi officiis. Debitis ut consequatur excepturi.', 1, '2020-01-29 06:08:16', '2020-01-29 06:08:16'),
(15, 22, 'Zelda Stamm IV', 'Quis et provident dolorem deserunt. Vero sequi reprehenderit officia sunt. Molestias quia officiis culpa labore. Aliquam eveniet dicta voluptatem facilis sed.', 1, '2020-01-29 06:08:16', '2020-01-29 06:08:16'),
(16, 62, 'Pauline Rogahn', 'Exercitationem nemo pariatur quo vel sapiente ut similique. Nulla unde sapiente dolores est optio aperiam aspernatur. Veritatis ea dolor voluptas dolor provident placeat. Nisi ea possimus blanditiis eum impedit dolorem. Incidunt ullam qui consequatur consectetur maxime.', 3, '2020-01-29 06:08:16', '2020-01-29 06:08:16'),
(17, 9, 'Mr. Kamron Bins Jr.', 'Modi fugiat enim qui deleniti. Aut quia quam et ad repudiandae quasi. Quidem sit et vel omnis maiores magnam.', 1, '2020-01-29 06:08:16', '2020-01-29 06:08:16'),
(18, 87, 'Santino Doyle', 'Et soluta ea laudantium voluptas. Corporis neque numquam illum nesciunt sit hic voluptas. Cupiditate ut laboriosam officiis minima expedita fugiat. Enim quasi praesentium a placeat adipisci et facere.', 5, '2020-01-29 06:08:16', '2020-01-29 06:08:16'),
(19, 47, 'Rowan Halvorson', 'Culpa placeat est est at hic. Sequi cumque non sit rerum. Et non repudiandae perferendis quo. Quasi et nulla ut.', 1, '2020-01-29 06:08:16', '2020-01-29 06:08:16'),
(20, 33, 'Sarah Torphy', 'Voluptatem amet accusantium non maiores mollitia non. Enim odit magni repudiandae recusandae quod eaque tempore aperiam. Est reprehenderit amet qui eos assumenda non. Ex tenetur accusantium provident molestias quia.', 2, '2020-01-29 06:08:16', '2020-01-29 06:08:16'),
(21, 84, 'Casandra Gutkowski', 'Qui in sunt sint voluptatem. Sunt molestiae qui inventore.', 3, '2020-01-29 06:08:16', '2020-01-29 06:08:16'),
(22, 88, 'Alden Parker', 'Hic veritatis et id aperiam et accusamus doloribus. Sit veniam alias voluptatibus. Vel voluptas mollitia sint ratione ab mollitia voluptas. Tenetur repellendus laboriosam odio at necessitatibus repellat.', 0, '2020-01-29 06:08:16', '2020-01-29 06:08:16'),
(23, 26, 'Zoie Roob', 'Consequatur ut nesciunt id minima est voluptatibus. Illum ut reiciendis aliquam. Enim nulla et eos voluptatem dolorum doloremque fuga. Nihil voluptatem doloribus quia.', 5, '2020-01-29 06:08:16', '2020-01-29 06:08:16'),
(24, 93, 'Joe Oberbrunner', 'Aut commodi magni itaque necessitatibus neque. In reprehenderit maxime tempore. Non occaecati voluptas cumque id est.', 0, '2020-01-29 06:08:16', '2020-01-29 06:08:16'),
(25, 43, 'Jeremy Hauck', 'Pariatur asperiores qui illo qui fuga iusto. Dicta rerum magni accusantium pariatur sapiente ut facilis. Placeat qui dolore est eaque ipsam laudantium repellat cumque.', 4, '2020-01-29 06:08:16', '2020-01-29 06:08:16'),
(26, 12, 'Juwan Boyer', 'Ut eius labore veniam ea sed deserunt. Commodi molestiae autem et blanditiis. Officiis voluptas aut eum. Non eos reiciendis qui corporis.', 4, '2020-01-29 06:08:17', '2020-01-29 06:08:17'),
(27, 50, 'Jessika Tromp MD', 'Doloremque quia minus alias facere. Molestias pariatur explicabo quod quaerat aut qui voluptates. Distinctio sed nihil eos minima quia.', 2, '2020-01-29 06:08:17', '2020-01-29 06:08:17'),
(28, 87, 'Mr. Moriah Pfeffer DDS', 'Quisquam laboriosam sapiente nisi aut sit nihil. Non recusandae occaecati sint cupiditate dicta ea possimus. Et dolor soluta sint dolorum rerum expedita amet at.', 1, '2020-01-29 06:08:17', '2020-01-29 06:08:17'),
(29, 74, 'Jade Nienow V', 'Libero rerum quasi repudiandae tempore ipsum nihil odio. Perspiciatis exercitationem at quo ipsa eum sunt. Nihil eveniet sit architecto ut id fuga. Voluptatem sit quia occaecati illo architecto reiciendis quidem.', 4, '2020-01-29 06:08:17', '2020-01-29 06:08:17'),
(30, 100, 'Gaston Kertzmann', 'Quidem eveniet veniam qui dolor ut perspiciatis culpa. Et iure et velit corporis. Odio pariatur sed sint natus ut ratione et. Quaerat ipsam ut eum quam sint est aut nam.', 2, '2020-01-29 06:08:17', '2020-01-29 06:08:17'),
(31, 68, 'Aiden Larkin', 'Delectus totam fugiat enim sit nostrum omnis quod. Nulla repudiandae qui assumenda excepturi velit. Maiores eius neque in et rerum sequi voluptatem. Qui distinctio pariatur qui in dolorem.', 3, '2020-01-29 06:08:17', '2020-01-29 06:08:17'),
(32, 42, 'Dr. Antwan Reichert', 'Veritatis rem magnam reiciendis dolor ut pariatur. Officia tempore repudiandae ad voluptas. Recusandae quia dolor voluptate doloribus consequatur inventore veritatis quidem. Omnis veritatis quo qui excepturi.', 5, '2020-01-29 06:08:17', '2020-01-29 06:08:17'),
(33, 92, 'Stephania Green', 'Unde dolores doloribus doloribus et dolorum sequi. Natus sunt animi animi nostrum. In excepturi accusantium sunt omnis cum nesciunt rem quidem.', 2, '2020-01-29 06:08:17', '2020-01-29 06:08:17'),
(34, 43, 'Violet Bernhard', 'Adipisci assumenda et suscipit ea sit consequuntur. Atque facilis officiis sit asperiores dolorum consequuntur. In repellat perspiciatis sed quaerat. Quidem voluptates iure sint qui. Laborum vitae voluptatem quo quae est nihil.', 2, '2020-01-29 06:08:17', '2020-01-29 06:08:17'),
(35, 43, 'Madilyn Hartmann PhD', 'Quam consectetur libero et ut earum maiores ipsam. Aut ea placeat tenetur nisi. Ipsum minima dolores laborum. Est aliquam molestiae nostrum sit.', 4, '2020-01-29 06:08:17', '2020-01-29 06:08:17'),
(36, 53, 'Dr. Jaylin Fadel', 'Porro laudantium et iste eos soluta. Maiores enim qui qui beatae et repellat suscipit. Id totam porro praesentium quia aliquid magni ut. Fuga non voluptas similique est voluptatum atque corporis.', 3, '2020-01-29 06:08:17', '2020-01-29 06:08:17'),
(37, 39, 'Johnpaul Collins', 'Quae quo vel repellendus nihil. Hic vero ducimus totam non.', 1, '2020-01-29 06:08:17', '2020-01-29 06:08:17'),
(38, 21, 'Prof. Lenna Little IV', 'Distinctio repellendus assumenda fugiat cumque. Sint non autem architecto sint. Similique inventore sit totam culpa distinctio temporibus.', 0, '2020-01-29 06:08:17', '2020-01-29 06:08:17'),
(39, 78, 'Prof. Nash Cassin IV', 'Facere cupiditate sed alias. Eius totam illum placeat facere dolores. Facilis repudiandae nemo laudantium cumque ea odio omnis aut. Magni distinctio iure voluptatem error aperiam.', 4, '2020-01-29 06:08:17', '2020-01-29 06:08:17'),
(40, 100, 'Alivia Schiller III', 'Magni et eum quo quasi provident. Est quas repellendus dolor cum ipsum cum tenetur. In consequatur numquam aut vel provident hic sit. Aut voluptatem rerum commodi odio.', 4, '2020-01-29 06:08:17', '2020-01-29 06:08:17'),
(41, 30, 'Prof. Berta Rice', 'Laborum odio eos laborum est sed. In et quaerat modi voluptas rerum esse eum. In architecto et tempora.', 5, '2020-01-29 06:08:17', '2020-01-29 06:08:17'),
(42, 96, 'Mrs. Esperanza Wiza', 'Veritatis expedita voluptatem libero rerum corporis sapiente molestias. Sed eum harum maiores quia iure. Pariatur aut laboriosam modi est quo at at.', 4, '2020-01-29 06:08:17', '2020-01-29 06:08:17'),
(43, 58, 'Audrey Walker', 'Nulla enim nemo ea praesentium soluta. Deleniti qui consequatur perferendis maiores dignissimos qui nobis. Voluptatem nihil ut et ullam fugiat placeat autem. Sed est ea consequatur ab nostrum dolores.', 4, '2020-01-29 06:08:17', '2020-01-29 06:08:17'),
(44, 18, 'Consuelo Lind', 'Et consequatur aut suscipit sunt impedit magni. Quaerat non aliquid tenetur id. Consectetur autem explicabo ducimus repudiandae in. Ex magni dolor nostrum est tenetur qui sed.', 2, '2020-01-29 06:08:17', '2020-01-29 06:08:17'),
(45, 13, 'Cleo Zieme PhD', 'Doloremque quaerat aperiam ipsam quos voluptate temporibus. A vitae et a praesentium enim commodi. Quae recusandae quae cumque quas. Rerum omnis asperiores in nisi eaque qui voluptates sunt.', 2, '2020-01-29 06:08:17', '2020-01-29 06:08:17'),
(46, 90, 'Ms. Alison Hills', 'Et officiis et ut omnis voluptas ad. Accusantium veniam quidem earum aut qui dolore. Odio consequatur sunt quibusdam. Et fuga qui fuga qui.', 0, '2020-01-29 06:08:17', '2020-01-29 06:08:17'),
(47, 54, 'Mrs. June Kreiger II', 'Quisquam vitae optio quia autem ut. Aperiam et molestiae amet odit animi voluptatem labore. Quia minima sit nisi voluptatem voluptatem alias. Sunt est ut repudiandae in sint vitae. Aut praesentium necessitatibus et odit et quod qui.', 4, '2020-01-29 06:08:17', '2020-01-29 06:08:17'),
(48, 97, 'Giles Mante', 'Dicta debitis fuga sit ipsa. Eum rerum tempore ipsa qui nesciunt velit sed. Animi itaque voluptate voluptatem. Quidem tenetur est cupiditate aliquid odio nesciunt.', 1, '2020-01-29 06:08:17', '2020-01-29 06:08:17'),
(49, 24, 'Sibyl Jakubowski', 'Quo quos quis et nisi consectetur repudiandae eaque. Vel vel repellendus sunt eum. Voluptate et reiciendis similique doloremque in voluptate voluptatum.', 3, '2020-01-29 06:08:17', '2020-01-29 06:08:17'),
(50, 28, 'Howell Gaylord', 'Autem saepe illo error et. Laborum repudiandae repellendus rerum autem eaque reiciendis. Soluta magnam nam enim est. Maxime ea unde in nemo sint.', 2, '2020-01-29 06:08:17', '2020-01-29 06:08:17'),
(51, 98, 'Caroline Ratke V', 'Accusamus qui cupiditate necessitatibus et rem consequatur ut. Dolor molestiae cum ipsam dolorum. Eveniet molestiae voluptas nihil quos nemo. Vero provident hic ut sit dolores.', 5, '2020-01-29 06:08:17', '2020-01-29 06:08:17'),
(52, 98, 'Kirstin Stanton', 'Earum omnis ab dolorum ut aut. Aut pariatur quam ut numquam aliquid voluptate. Aut laudantium est dolor ducimus eaque occaecati porro.', 0, '2020-01-29 06:08:17', '2020-01-29 06:08:17'),
(53, 12, 'Dr. Camryn Bernier', 'Totam dolor nihil qui molestiae tenetur debitis. Aliquid et assumenda repellendus eos. Ut quod quia et cum consequatur libero nostrum. Aspernatur qui ut aliquid.', 4, '2020-01-29 06:08:17', '2020-01-29 06:08:17'),
(54, 88, 'Karlee Eichmann V', 'Sed rerum earum blanditiis possimus doloremque harum quia. Molestias soluta id numquam et aut nobis consequatur. Omnis odit dolor voluptas sed.', 0, '2020-01-29 06:08:17', '2020-01-29 06:08:17'),
(55, 86, 'Litzy Leannon', 'Reiciendis magnam in sit repellat. Molestiae recusandae deserunt deserunt.', 4, '2020-01-29 06:08:17', '2020-01-29 06:08:17'),
(56, 76, 'Leonel Ledner', 'Omnis itaque quia dolores maiores quia. Odit est sequi ut non impedit corrupti ut. Vero non neque itaque dicta modi harum. Dolorem amet et illum corrupti est recusandae.', 1, '2020-01-29 06:08:18', '2020-01-29 06:08:18'),
(57, 95, 'Bertrand Nienow', 'Corporis perferendis soluta qui velit. Ipsa dolor et pariatur dolores commodi dolorem quo eum. Consequuntur harum occaecati velit assumenda corporis velit. Dolor ipsum aut cupiditate qui. Ullam eos quo sit omnis voluptas distinctio optio.', 5, '2020-01-29 06:08:18', '2020-01-29 06:08:18'),
(58, 66, 'Manuel Schamberger', 'Veritatis nihil magnam quis officiis dolorum. Quis perferendis qui rerum et harum. Soluta officia quam culpa ducimus error voluptas.', 1, '2020-01-29 06:08:18', '2020-01-29 06:08:18'),
(59, 91, 'Mr. Weldon Hintz Sr.', 'Quibusdam repudiandae quia praesentium saepe labore. Totam odit id quae molestiae omnis debitis incidunt. Voluptas laudantium veritatis facere.', 4, '2020-01-29 06:08:18', '2020-01-29 06:08:18'),
(60, 56, 'Miles Olson', 'At nostrum ut aspernatur. Repellat molestiae consequuntur dolorem voluptate beatae est. Voluptatibus vitae reprehenderit deleniti.', 1, '2020-01-29 06:08:18', '2020-01-29 06:08:18'),
(61, 27, 'Dr. Russell Jerde I', 'Labore modi incidunt eaque vero quod molestias accusantium beatae. Aut natus eum quam reiciendis et et. Sunt quidem facere pariatur qui ullam officiis.', 2, '2020-01-29 06:08:18', '2020-01-29 06:08:18'),
(62, 90, 'Daryl Rutherford II', 'Ut tempore debitis quos porro. Excepturi qui consequatur neque quis eos ut soluta. Ipsum omnis laboriosam consectetur et.', 4, '2020-01-29 06:08:18', '2020-01-29 06:08:18'),
(63, 45, 'Jimmie Rice', 'Consequuntur iusto quaerat eius voluptatum modi harum facere. Aut laborum eos eum libero qui aut. Tempora culpa eos laboriosam aperiam omnis ipsum aliquam. Labore facere magnam voluptatem ullam velit. Et id debitis cumque mollitia ipsa veritatis soluta sint.', 0, '2020-01-29 06:08:18', '2020-01-29 06:08:18'),
(64, 14, 'Dr. Miller Moore II', 'Occaecati perspiciatis aut autem et. Ratione nemo animi nulla voluptatem ipsum et. Cupiditate reiciendis sapiente nam commodi.', 4, '2020-01-29 06:08:18', '2020-01-29 06:08:18'),
(65, 29, 'Mrs. Margaretta Hoppe V', 'Ipsum voluptatibus non dolor sint. Minima nihil sed laborum soluta aspernatur. Est non quis repudiandae consectetur libero assumenda necessitatibus.', 3, '2020-01-29 06:08:18', '2020-01-29 06:08:18'),
(66, 72, 'Dr. Elijah Prohaska', 'Iste saepe praesentium maxime debitis soluta deserunt sapiente. In consequatur distinctio nulla facere dignissimos. Consequatur possimus amet vel iste dicta qui aut.', 3, '2020-01-29 06:08:18', '2020-01-29 06:08:18'),
(67, 27, 'Gladyce Thiel MD', 'Eius aut molestias debitis at harum ab. Officiis omnis quia ipsam recusandae. Veritatis fuga inventore ullam quia deserunt.', 3, '2020-01-29 06:08:18', '2020-01-29 06:08:18'),
(68, 34, 'Alan Upton', 'Iure aut dignissimos et nesciunt. Dolores nisi qui qui enim eos et deleniti. Corrupti natus amet corporis excepturi. Qui optio totam est unde fugiat eveniet.', 0, '2020-01-29 06:08:18', '2020-01-29 06:08:18'),
(69, 78, 'Durward King', 'Qui blanditiis deleniti nesciunt natus rem laboriosam nemo. Inventore beatae vel animi nihil omnis molestias quia aut. Molestiae molestias distinctio dolore recusandae nihil nihil eaque dolore.', 4, '2020-01-29 06:08:18', '2020-01-29 06:08:18'),
(70, 60, 'Jana Weimann', 'Reprehenderit molestiae consequatur quod est dignissimos. Dolore provident eveniet ut non dicta ab omnis. Reiciendis numquam voluptatem iure et aut eos. Similique exercitationem accusantium eligendi aut veritatis assumenda voluptatibus ea.', 5, '2020-01-29 06:08:18', '2020-01-29 06:08:18'),
(71, 19, 'Lorena Mann', 'Ducimus est asperiores veritatis dolores eos incidunt dolore. Eveniet commodi vitae aspernatur. Et delectus doloribus esse alias dolorem accusantium cupiditate. Ullam magnam qui aut cumque ea porro architecto.', 2, '2020-01-29 06:08:18', '2020-01-29 06:08:18'),
(72, 60, 'Mrs. Elfrieda Dach', 'Rerum debitis laboriosam voluptatem maxime est ab. Tempora veritatis possimus beatae commodi. Quam dolores veniam expedita aliquam.', 4, '2020-01-29 06:08:18', '2020-01-29 06:08:18'),
(73, 84, 'Abdiel Ward', 'Earum voluptas sed sint voluptas repellendus vel. Accusamus sit doloremque et id sit. Dignissimos non architecto veritatis facilis ut eaque voluptate.', 0, '2020-01-29 06:08:18', '2020-01-29 06:08:18'),
(74, 42, 'Miss Una Homenick I', 'Fugiat deserunt magni voluptatem quidem. Corporis neque dolorem voluptas rem. Quo culpa blanditiis est ullam delectus. Suscipit et sed modi fuga quo omnis. Laudantium necessitatibus velit corrupti autem adipisci.', 0, '2020-01-29 06:08:18', '2020-01-29 06:08:18'),
(75, 60, 'Pasquale Waters', 'Repellat quos quaerat et ipsa. Ratione eaque rerum voluptatem voluptatem animi. Voluptatum consequatur quasi et laudantium. Voluptas et est perspiciatis aperiam deleniti ab exercitationem.', 5, '2020-01-29 06:08:18', '2020-01-29 06:08:18'),
(76, 91, 'Ms. Haylie Abernathy', 'In inventore sapiente expedita ut sequi. Autem quod atque dignissimos sunt. Debitis ab et accusamus dolor odio nihil nisi.', 0, '2020-01-29 06:08:18', '2020-01-29 06:08:18'),
(77, 14, 'Mrs. Elisha Wiegand DVM', 'Vitae corporis et est ullam blanditiis illo. Nulla voluptatibus aut ut atque asperiores. Numquam in quis reiciendis reiciendis eligendi ullam et. Placeat quam dolor inventore exercitationem exercitationem.', 0, '2020-01-29 06:08:18', '2020-01-29 06:08:18'),
(78, 98, 'Romaine Conroy', 'Nulla alias sapiente recusandae debitis et dolores doloremque. Dicta qui voluptatibus earum et.', 3, '2020-01-29 06:08:18', '2020-01-29 06:08:18'),
(79, 75, 'Prof. Shayne Waelchi Jr.', 'Nam ut ut quam explicabo quo reprehenderit minus repellendus. Corporis modi fuga rerum laudantium aut labore eaque. Repellat nulla aut in beatae tempora.', 2, '2020-01-29 06:08:18', '2020-01-29 06:08:18'),
(80, 37, 'Prof. Lucious Stamm MD', 'Recusandae impedit non ipsum praesentium aperiam dicta velit. Soluta iusto quos porro consequatur mollitia incidunt consequatur. Corrupti placeat sunt molestias. Quas et id dolorem earum natus.', 3, '2020-01-29 06:08:18', '2020-01-29 06:08:18'),
(82, 7, 'Tyler Denesik', 'Aspernatur voluptates quo voluptatem autem aut omnis. Quaerat ut ea aliquid odit. Nisi et deleniti ut autem quaerat. Eaque temporibus et qui sit voluptas. Et quia voluptas natus alias incidunt occaecati.', 0, '2020-01-29 06:08:18', '2020-01-29 06:08:18'),
(83, 80, 'Mr. Zack Prohaska IV', 'Cum nobis maiores temporibus laborum vel molestiae. Impedit et sapiente temporibus ut necessitatibus. Ut mollitia labore amet animi quo. Harum mollitia quam facere dicta voluptates omnis natus soluta.', 5, '2020-01-29 06:08:18', '2020-01-29 06:08:18'),
(84, 78, 'Prof. Maximo Howell MD', 'Consequuntur qui cum officia autem. Illum alias fugit aut molestias est error. Ut id non repellat aspernatur odit.', 4, '2020-01-29 06:08:18', '2020-01-29 06:08:18'),
(85, 92, 'Pink Gerhold', 'Dolores et asperiores rem incidunt eius. Hic occaecati fugit et in omnis qui. Animi quia ea voluptates ducimus.', 0, '2020-01-29 06:08:18', '2020-01-29 06:08:18'),
(86, 64, 'Lindsey Pfannerstill', 'Qui veritatis expedita voluptate aut in. Nobis cum numquam sequi aliquid quia. At inventore vitae itaque. Harum cumque non nemo cupiditate ut tempora nostrum quidem.', 2, '2020-01-29 06:08:19', '2020-01-29 06:08:19'),
(87, 17, 'Concepcion Oberbrunner Jr.', 'Eius excepturi molestias ipsam ipsum saepe totam. Saepe qui consequatur dolores enim mollitia labore deleniti. Odio temporibus placeat rem est nesciunt laborum. Nostrum dolorum eaque quo laborum iure.', 3, '2020-01-29 06:08:19', '2020-01-29 06:08:19'),
(88, 95, 'Letha Willms', 'Expedita rerum ut corporis aut. Impedit enim enim earum dignissimos. Praesentium omnis fugit occaecati voluptas tenetur doloribus. Est eveniet inventore animi aut.', 3, '2020-01-29 06:08:19', '2020-01-29 06:08:19'),
(89, 29, 'Hanna Howe', 'Id dolores delectus atque blanditiis non. Reiciendis occaecati sint omnis similique.', 4, '2020-01-29 06:08:19', '2020-01-29 06:08:19'),
(90, 20, 'Alfred Bosco', 'Necessitatibus dolore beatae dolorem nihil architecto sed. Repudiandae soluta accusantium suscipit nihil minus quibusdam qui. Esse hic eius cum fugit. Sint minima enim non laboriosam at natus fugit eligendi.', 0, '2020-01-29 06:08:19', '2020-01-29 06:08:19'),
(91, 71, 'Marcelino Kertzmann', 'Molestias tempore accusantium quis natus cupiditate quia. Est nihil est cum quia. Atque autem quis hic qui.', 0, '2020-01-29 06:08:19', '2020-01-29 06:08:19'),
(92, 99, 'Clementina Kerluke', 'Non aut autem autem velit eum. Sit inventore quis iste odio aliquam et voluptas. Voluptates consequatur necessitatibus sed quis ad qui.', 5, '2020-01-29 06:08:19', '2020-01-29 06:08:19'),
(93, 88, 'Dr. Maxime Jast II', 'Et atque magnam nihil ipsam vero quaerat architecto. Tenetur officiis nisi consequatur adipisci soluta veniam. Iste velit ipsa aut ut ea. Ut ut dolorum cumque.', 3, '2020-01-29 06:08:19', '2020-01-29 06:08:19'),
(94, 90, 'Louisa Cummings', 'Aut voluptatem laboriosam voluptatem. Tempore harum dolores amet quis a hic soluta ab. Repellendus numquam porro voluptas pariatur quia. Asperiores veniam at sed culpa rerum magni.', 1, '2020-01-29 06:08:19', '2020-01-29 06:08:19'),
(95, 71, 'Manuela Jacobi', 'Adipisci dolor ullam quis ducimus excepturi reiciendis delectus. Saepe incidunt molestiae inventore magni officia non doloribus ratione. Molestias dolores velit quam dolorum nulla.', 1, '2020-01-29 06:08:19', '2020-01-29 06:08:19'),
(96, 84, 'Mrs. Elyssa Wiza', 'Blanditiis sint sint cum blanditiis. Iure dolor ut et distinctio deleniti. Ipsam est error mollitia nobis. Magnam cumque omnis nihil perferendis.', 5, '2020-01-29 06:08:19', '2020-01-29 06:08:19'),
(97, 42, 'Jules Nicolas', 'Nostrum enim magni quas fugit necessitatibus soluta ducimus. Qui omnis quibusdam quaerat. Excepturi asperiores et eum illo ex et ut. Iusto deleniti facere aut aliquam.', 0, '2020-01-29 06:08:19', '2020-01-29 06:08:19'),
(98, 89, 'Fletcher Baumbach I', 'Nemo consequatur adipisci eligendi ducimus consectetur nulla ad quam. Labore fugit explicabo eum at est. Delectus voluptas quia harum at aut.', 1, '2020-01-29 06:08:19', '2020-01-29 06:08:19'),
(99, 8, 'Prof. Geo Schamberger', 'Laborum et dolores praesentium vero labore aut dolor labore. Eos qui sed libero delectus minus. Exercitationem aut repellendus dolorum. Magnam dolorem alias impedit pariatur atque et est cum.', 4, '2020-01-29 06:08:19', '2020-01-29 06:08:19'),
(100, 21, 'Mr. Wilmer Schowalter', 'Voluptatibus dolor optio qui sit magnam omnis quibusdam. Facilis ad iste ea perspiciatis cupiditate. Quis odit rerum aut molestiae.', 5, '2020-01-29 06:08:19', '2020-01-29 06:08:19'),
(101, 3, 'Graciela Conroy MD', 'Magnam illum blanditiis culpa impedit. Voluptatem exercitationem voluptatem ea nisi est minima. Est in consectetur quisquam.', 3, '2020-01-29 06:08:19', '2020-01-29 06:08:19'),
(102, 72, 'Mr. Malachi Daugherty II', 'Velit et mollitia quisquam eligendi necessitatibus nostrum eaque. Quibusdam distinctio illum enim. Alias blanditiis alias fuga nihil perferendis rerum dicta. Ad sit dicta aut modi dolores mollitia dignissimos.', 1, '2020-01-29 06:08:19', '2020-01-29 06:08:19'),
(104, 76, 'Prof. Josue Pollich MD', 'Sed quas quam officiis. Modi beatae harum nam eligendi. Perspiciatis sunt sunt repellat sapiente et. Facilis eum alias sit sunt eum aut est.', 4, '2020-01-29 06:08:19', '2020-01-29 06:08:19'),
(105, 9, 'Bulah Johnson', 'Similique sit inventore expedita itaque occaecati et. Cupiditate ut velit ipsa voluptatem magni qui et. Veniam minus debitis beatae dolores est omnis aut.', 3, '2020-01-29 06:08:19', '2020-01-29 06:08:19'),
(106, 39, 'Miss Aisha Reichert', 'Ut voluptas dolorem sed sunt a. Tempora vero quidem qui reiciendis qui. Pariatur reiciendis ad voluptatem aut excepturi officiis.', 5, '2020-01-29 06:08:19', '2020-01-29 06:08:19'),
(107, 33, 'Alisha Wilderman', 'Alias tempora voluptas vitae doloremque rerum fuga. Totam rem illo sed eligendi maiores ut. Accusamus vitae nemo omnis quo quae. Ab exercitationem debitis et.', 2, '2020-01-29 06:08:19', '2020-01-29 06:08:19'),
(108, 94, 'Brando Mante II', 'Soluta qui nam soluta voluptates quidem corporis. Odio minus quia voluptatibus. Saepe itaque perspiciatis iusto ut. Sit esse et et expedita.', 4, '2020-01-29 06:08:19', '2020-01-29 06:08:19'),
(109, 43, 'Ms. Emely Olson', 'Vel magnam omnis consequuntur ut. Alias ut omnis ea id quis.', 0, '2020-01-29 06:08:19', '2020-01-29 06:08:19'),
(110, 62, 'Dagmar O\'Kon', 'Pariatur eveniet magnam doloremque maxime facilis et necessitatibus corporis. Ab veritatis quasi soluta atque at et nesciunt. Laboriosam magni officia quis eius corrupti sunt minus. At quisquam maiores placeat atque.', 2, '2020-01-29 06:08:19', '2020-01-29 06:08:19'),
(111, 17, 'Aracely Bahringer', 'Eveniet hic velit ut et. Eligendi nisi aperiam consequatur rerum. Est adipisci aliquid qui repellendus. Et perspiciatis porro facilis.', 5, '2020-01-29 06:08:19', '2020-01-29 06:08:19'),
(112, 44, 'Mr. Jackson Koelpin IV', 'Voluptatem autem libero in harum. Aut earum ea numquam quisquam nesciunt maxime. Quos laboriosam qui nostrum aliquam saepe dolores.', 5, '2020-01-29 06:08:19', '2020-01-29 06:08:19'),
(113, 96, 'Felipe Pacocha', 'Cumque fugit et id consequatur ab. Doloribus et quis temporibus facilis dolore. Necessitatibus quia ad iure odit nihil ad quo. Exercitationem non eaque ut et molestiae ex id.', 2, '2020-01-29 06:08:19', '2020-01-29 06:08:19'),
(114, 27, 'Jedidiah Metz', 'Omnis omnis nam consectetur ut laborum voluptatem ratione. Repellendus debitis error doloremque velit voluptatem et sapiente. Omnis voluptatem quo voluptas et eligendi ipsa.', 4, '2020-01-29 06:08:19', '2020-01-29 06:08:19'),
(115, 49, 'Jazmyn Smith IV', 'Mollitia illum ad recusandae possimus voluptate. Nihil sit explicabo natus illo consequatur fugiat. Officiis deserunt sint consequuntur quis minima itaque quis. Dolor rerum sapiente unde ullam molestiae.', 3, '2020-01-29 06:08:19', '2020-01-29 06:08:19'),
(116, 12, 'Eva Bernhard Sr.', 'Cupiditate omnis voluptas qui. Similique possimus omnis ducimus harum delectus assumenda officiis. Et qui minus voluptatem molestias unde assumenda pariatur illo. Sed voluptas est asperiores perspiciatis pariatur dolorem. Facere nostrum tempore deserunt a similique repellat.', 1, '2020-01-29 06:08:20', '2020-01-29 06:08:20'),
(117, 71, 'Alva Jerde', 'Et vel molestiae modi vel ipsum nobis. Asperiores et perferendis natus aliquam. Aut et aperiam eveniet sunt placeat voluptate ipsa.', 5, '2020-01-29 06:08:20', '2020-01-29 06:08:20'),
(118, 58, 'Romaine Hodkiewicz', 'Odio sequi aliquam et excepturi deleniti officia. Et laborum velit debitis dolor at officia. Est reiciendis blanditiis in occaecati quas. Tempora aspernatur ut aspernatur eos eum tempore. Delectus sit suscipit deleniti iste laborum.', 4, '2020-01-29 06:08:20', '2020-01-29 06:08:20'),
(119, 38, 'Prof. Maximo Cummings II', 'Totam eaque quia quia deserunt quia officia. Consectetur voluptas ullam consequuntur non sit veritatis. Reprehenderit eveniet quidem eos ex corporis.', 1, '2020-01-29 06:08:20', '2020-01-29 06:08:20'),
(120, 77, 'Prof. Gaston Mayer V', 'Ut quo consequuntur at sequi qui. Nostrum odio facere architecto exercitationem temporibus sequi.', 2, '2020-01-29 06:08:20', '2020-01-29 06:08:20'),
(121, 84, 'Mrs. Lorena Rutherford', 'Dolores quia qui quis. Eos rem rerum eveniet exercitationem est qui distinctio. Qui molestias id nihil assumenda vero. Ea sunt vel non.', 1, '2020-01-29 06:08:20', '2020-01-29 06:08:20'),
(122, 82, 'Rachel Weissnat IV', 'Est eos sed sit amet aspernatur aut. Aliquid minus hic sit et fugit debitis. Deserunt et expedita assumenda corporis. Provident aut veritatis sint voluptate.', 2, '2020-01-29 06:08:20', '2020-01-29 06:08:20'),
(123, 92, 'Adonis Wunsch', 'Et inventore vel commodi voluptas ea a eveniet quo. Inventore sequi est enim et doloremque dolorem saepe. Et qui quisquam possimus dolore ea inventore perspiciatis. Laborum nesciunt aliquam odio voluptatum atque.', 1, '2020-01-29 06:08:20', '2020-01-29 06:08:20'),
(124, 74, 'Magdalena Cummings', 'A et cupiditate quidem nulla officia deleniti iste. Et est a unde at. Omnis dolorem aut quae tempora laboriosam placeat aut.', 5, '2020-01-29 06:08:20', '2020-01-29 06:08:20'),
(125, 21, 'Orlando Emmerich', 'Qui non mollitia esse quis inventore corporis porro aut. Quam laborum porro repellendus hic ab consequatur tenetur. Facilis cumque eligendi eum asperiores fugit et assumenda. Et error labore nobis ipsam id et non explicabo. Explicabo et rerum aperiam sint quos.', 3, '2020-01-29 06:08:20', '2020-01-29 06:08:20'),
(126, 33, 'Frederik Marks', 'Rerum nam at minima nulla fugit itaque. Beatae eos sint fugiat amet cupiditate dignissimos voluptatem ea. Quod soluta ex hic aut.', 5, '2020-01-29 06:08:20', '2020-01-29 06:08:20'),
(127, 53, 'Gillian Krajcik', 'Doloribus ipsa et dolores animi similique officiis et optio. Saepe vitae enim debitis dolores ut iste. Dolores consequuntur ut enim incidunt in quo. Ex vero et est atque voluptatem et illo.', 0, '2020-01-29 06:08:20', '2020-01-29 06:08:20'),
(128, 55, 'Evan Cummings', 'Velit ullam vel non a. Sapiente a cupiditate expedita autem voluptatibus non cum deserunt. Molestiae ut excepturi quidem quis. Facere placeat dolorem facilis fuga consequatur voluptatum.', 4, '2020-01-29 06:08:20', '2020-01-29 06:08:20'),
(129, 92, 'Prof. Waldo Rau', 'Ut eos sed rerum error. Sed quod vel sed omnis ut et. Asperiores qui illum excepturi. Delectus quos provident mollitia odit facere molestiae minus. Quae doloribus autem corrupti animi eligendi assumenda ut explicabo.', 1, '2020-01-29 06:08:20', '2020-01-29 06:08:20'),
(130, 79, 'Rosina Larkin', 'Voluptatem accusamus facere et non vero perspiciatis. Quia quam nobis repudiandae ea. Consequatur dicta ad eligendi quisquam quasi est. Totam dolores omnis harum nihil dolor repellat. Inventore ut ratione sit.', 1, '2020-01-29 06:08:20', '2020-01-29 06:08:20'),
(131, 47, 'Ewald Mayer', 'Aut temporibus iste quia optio minima perferendis. Eum beatae inventore voluptatem dolore quia impedit reiciendis. Nulla debitis esse iusto cum quia suscipit est. Deserunt consequatur sed ut facere consectetur eveniet dolor distinctio.', 0, '2020-01-29 06:08:20', '2020-01-29 06:08:20'),
(132, 5, 'Ricky Zulauf', 'Magnam placeat et et omnis explicabo quasi. Rerum error eum sit voluptatem saepe vel aut. Quia corporis architecto architecto quasi quos nostrum. Maiores blanditiis qui sint sint voluptatem dolores aut.', 0, '2020-01-29 06:08:20', '2020-01-29 06:08:20'),
(133, 62, 'Lola Von DVM', 'Voluptatem consequuntur enim et et ut corrupti. Voluptas ea ut cupiditate et quas sunt quidem. Dolorem rem eum sed assumenda sed aut molestias.', 2, '2020-01-29 06:08:20', '2020-01-29 06:08:20'),
(134, 4, 'Dominic Medhurst', 'Et quidem accusamus quisquam in qui reiciendis optio. Error doloribus aut est. Velit sint quaerat magnam recusandae rerum animi mollitia.', 3, '2020-01-29 06:08:20', '2020-01-29 06:08:20'),
(135, 39, 'Arlene Daugherty', 'Maiores sed corrupti iure doloremque quis vel quia. Sed animi nisi delectus voluptatem qui earum. Quibusdam inventore doloremque aut expedita ut deserunt. Occaecati labore molestiae voluptas a nesciunt est nesciunt.', 0, '2020-01-29 06:08:20', '2020-01-29 06:08:20'),
(136, 22, 'Willy Herman', 'Eum iure repellat nisi aut consequatur aliquid ducimus. Ut qui accusamus illum quidem et excepturi deleniti. Aut optio quasi labore autem vero culpa. Repellat tempore id consequatur unde iure molestiae pariatur.', 1, '2020-01-29 06:08:20', '2020-01-29 06:08:20'),
(137, 76, 'Jadon Goyette', 'Non dolor vero nostrum voluptates aperiam repellendus nemo. Quod nihil sapiente doloribus fugiat sapiente amet. Voluptate porro magnam a possimus delectus non.', 5, '2020-01-29 06:08:20', '2020-01-29 06:08:20'),
(138, 46, 'Perry Hauck', 'Nobis labore minima quis et molestias perferendis. Minus ipsum sint libero fugiat aut porro illum. Quia labore laudantium maxime esse mollitia nesciunt. Quis officia omnis quia natus aliquam quod.', 5, '2020-01-29 06:08:20', '2020-01-29 06:08:20'),
(139, 58, 'Alicia O\'Reilly', 'Quis harum molestiae rem ratione. Aut velit atque totam. Autem sunt ex quisquam eveniet. Et provident nihil quia sapiente aut quam.', 0, '2020-01-29 06:08:20', '2020-01-29 06:08:20'),
(140, 55, 'Dell Lang', 'Voluptatem dolor odio molestias sunt rerum. Optio velit eligendi nisi illum qui. Impedit perspiciatis natus sunt rerum dolorem aut.', 5, '2020-01-29 06:08:20', '2020-01-29 06:08:20'),
(141, 48, 'Novella O\'Connell', 'Modi omnis totam est ratione repellat impedit molestiae. Soluta voluptatibus eaque et laboriosam harum consectetur velit. Et sint accusantium amet voluptatem rerum ea.', 3, '2020-01-29 06:08:21', '2020-01-29 06:08:21'),
(142, 57, 'Conor Cole', 'Autem et sint doloremque quia quasi qui tempore. Ea a debitis sapiente deserunt id neque blanditiis. Provident dolor perspiciatis vero enim laboriosam veniam dolor.', 3, '2020-01-29 06:08:21', '2020-01-29 06:08:21'),
(143, 89, 'Dr. Isaiah Goodwin PhD', 'Provident excepturi et incidunt nihil illo ut. Est quia et expedita ut accusamus nostrum itaque consequuntur. Et nobis voluptatem at aliquid eligendi.', 4, '2020-01-29 06:08:21', '2020-01-29 06:08:21'),
(144, 15, 'Mrs. Gabriella Sawayn IV', 'Nihil quis facere id et inventore. Tempore blanditiis et officiis voluptatibus quasi iusto. Et praesentium molestias odit officia perspiciatis suscipit numquam pariatur. In nesciunt sit accusamus minus voluptas nobis. A doloribus quis pariatur commodi est et tempore.', 0, '2020-01-29 06:08:21', '2020-01-29 06:08:21'),
(145, 88, 'Prof. Merle Greenfelder', 'Et consequatur et excepturi nisi. Dolores voluptatem quia soluta. Libero nemo ipsa voluptate deserunt velit molestias magnam. Sit consequuntur ut culpa est provident.', 2, '2020-01-29 06:08:21', '2020-01-29 06:08:21'),
(146, 47, 'Mr. Rodolfo Padberg V', 'Autem ut soluta soluta fuga delectus. Sunt et in qui illum. Possimus reiciendis consequatur ea ipsa. Autem corporis eos nostrum aut eum.', 4, '2020-01-29 06:08:21', '2020-01-29 06:08:21'),
(147, 30, 'Prof. Merl Block', 'Veritatis aliquid sunt nihil est numquam et. Est voluptate qui laudantium repellendus. Ea saepe quos debitis qui ab ea.', 5, '2020-01-29 06:08:21', '2020-01-29 06:08:21'),
(148, 3, 'Prof. Stanton Murazik', 'Quibusdam dolorem incidunt alias laborum fugiat aut libero. Voluptas officia molestias sit et. Est ratione natus pariatur qui. Dolores placeat id aliquam qui explicabo veritatis.', 3, '2020-01-29 06:08:21', '2020-01-29 06:08:21'),
(149, 98, 'Mr. Finn Blanda', 'Aliquid ut hic qui harum veniam quasi ad vitae. Recusandae delectus voluptatem asperiores in. Necessitatibus doloremque amet minus voluptatem quisquam.', 3, '2020-01-29 06:08:21', '2020-01-29 06:08:21'),
(150, 14, 'Marisol Wintheiser', 'Vel qui rerum voluptate. Voluptas omnis velit vitae qui vel. Dolores et cum voluptates.', 0, '2020-01-29 06:08:21', '2020-01-29 06:08:21'),
(151, 11, 'Winston Towne', 'Eum corporis aut dicta beatae. Fugit autem et aperiam. Quos dicta et sed in.', 3, '2020-01-29 06:08:21', '2020-01-29 06:08:21'),
(152, 47, 'Otha Thompson', 'Maiores aspernatur labore iste ut dolorum sint sunt. Ducimus et voluptates excepturi autem veniam voluptate. Et ut vitae corrupti vel reiciendis ut enim.', 0, '2020-01-29 06:08:21', '2020-01-29 06:08:21'),
(153, 83, 'Domingo Shanahan', 'Officia dolor in et nihil. Repudiandae libero necessitatibus possimus. Quos dolorem deserunt eaque sunt quod. Est a qui non velit praesentium.', 1, '2020-01-29 06:08:21', '2020-01-29 06:08:21'),
(154, 20, 'Mrs. Carley Kerluke Jr.', 'Nemo voluptates quidem facere corrupti repellendus debitis. Quia aliquam cupiditate quam dolorum saepe provident. Perferendis repudiandae delectus sit.', 1, '2020-01-29 06:08:21', '2020-01-29 06:08:21'),
(155, 16, 'Jeremie Fadel', 'Soluta assumenda illo exercitationem non voluptates. Laboriosam accusamus ut a debitis exercitationem. Culpa eum nesciunt autem labore sequi omnis quo sit. Quae mollitia est ullam.', 2, '2020-01-29 06:08:21', '2020-01-29 06:08:21'),
(156, 67, 'Ena Stiedemann IV', 'Sit doloribus magnam tempore id distinctio eaque. Ipsa amet omnis porro est nihil fugit. Rerum adipisci nisi nam nesciunt neque. Deleniti excepturi beatae qui nihil corrupti.', 3, '2020-01-29 06:08:21', '2020-01-29 06:08:21'),
(157, 29, 'Darrel Shields', 'Sed officiis eum ea laborum tempora suscipit nostrum. Voluptate ex assumenda mollitia sed adipisci labore. Suscipit ratione magnam omnis natus enim. Numquam et quae dolor vero ut consequuntur natus harum.', 5, '2020-01-29 06:08:21', '2020-01-29 06:08:21'),
(158, 26, 'Dr. Mae Ernser I', 'Quis maiores mollitia in omnis cumque. Magnam autem voluptatibus nemo minima. Distinctio quaerat odit dolores sequi debitis iure debitis. Ea quod rerum voluptatem suscipit voluptate.', 5, '2020-01-29 06:08:21', '2020-01-29 06:08:21'),
(159, 6, 'Ms. Izabella Cummings DDS', 'Impedit enim consequatur facilis molestiae consequuntur. Qui voluptas aut illo velit. Enim maiores neque qui a dolorum aliquam. Fugit dolores aliquam itaque. Amet sunt ad voluptatibus autem velit tenetur quia.', 0, '2020-01-29 06:08:21', '2020-01-29 06:08:21'),
(160, 77, 'Alvis Kuvalis MD', 'Suscipit rerum magni sequi quam id reiciendis. Esse ducimus animi vitae ipsam ullam. Id fuga inventore atque et laborum iure repudiandae.', 3, '2020-01-29 06:08:21', '2020-01-29 06:08:21'),
(161, 18, 'Linda Prohaska', 'Dolor repellendus quia minus. Illum enim natus pariatur aliquam porro dolores cum. Optio libero in aliquid est qui nihil.', 1, '2020-01-29 06:08:21', '2020-01-29 06:08:21'),
(162, 44, 'Rowland Huels', 'Vitae modi ducimus consequuntur quibusdam dolores ducimus. Error magnam aliquam qui perferendis accusamus laboriosam. Deserunt nesciunt natus aut eligendi vero laborum dolorem maiores. Voluptas dolores alias consequuntur velit et.', 2, '2020-01-29 06:08:21', '2020-01-29 06:08:21'),
(163, 16, 'Trever Kemmer', 'Maiores ut optio inventore aut laborum pariatur sed. Labore ad illum voluptate et sed.', 5, '2020-01-29 06:08:21', '2020-01-29 06:08:21'),
(164, 48, 'Forest Donnelly', 'Odit nobis deleniti placeat est aut. Est placeat molestiae qui perferendis qui impedit assumenda. Vel temporibus omnis aut aliquam dicta libero. Laudantium exercitationem quod consequatur id voluptas aut tenetur delectus.', 5, '2020-01-29 06:08:21', '2020-01-29 06:08:21'),
(165, 36, 'Emie Bergstrom', 'Aliquid aut quidem esse adipisci voluptatum ut. Labore vel odio cupiditate qui in dolorem. Ratione sed cumque voluptas.', 0, '2020-01-29 06:08:21', '2020-01-29 06:08:21'),
(166, 76, 'Aglae DuBuque', 'Excepturi aliquam cumque hic enim eveniet illo esse. Laborum excepturi labore cumque mollitia veritatis eum ullam. Perferendis omnis magni est in aut omnis voluptas.', 2, '2020-01-29 06:08:22', '2020-01-29 06:08:22'),
(167, 34, 'Brenna Wiegand III', 'Et est harum voluptatem optio. Sunt sint velit doloremque et rem ipsam magni. Adipisci eos quod exercitationem fugit molestiae qui totam voluptatem. Odio aut qui harum consequatur sunt facilis.', 2, '2020-01-29 06:08:22', '2020-01-29 06:08:22'),
(168, 34, 'Geovanni Zulauf', 'Incidunt quae dolor corrupti a rerum ut. Quia corrupti doloremque voluptas non dolores. Eos sunt nostrum necessitatibus et. Accusantium quia aut sequi et enim in sint.', 0, '2020-01-29 06:08:22', '2020-01-29 06:08:22'),
(169, 52, 'Bertrand Kerluke', 'Atque quasi ea labore enim officia dolorem debitis expedita. Earum blanditiis dolorem dicta explicabo aut. Magnam ipsum tempora fuga. Quasi repellendus eos eveniet quos vel officiis.', 0, '2020-01-29 06:08:22', '2020-01-29 06:08:22'),
(170, 61, 'Miss Sylvia Pfannerstill', 'Maxime minima aut pariatur temporibus expedita rem qui. Enim rerum eum harum occaecati ut excepturi recusandae. Quo praesentium fuga et unde et. A aliquid nisi quia alias optio sunt. Reprehenderit nostrum possimus consectetur distinctio architecto tenetur consequatur.', 3, '2020-01-29 06:08:22', '2020-01-29 06:08:22'),
(171, 23, 'Destini Pfannerstill', 'Sit voluptatem non architecto labore enim ipsam iusto. Saepe nam officiis consequatur enim necessitatibus. Qui tenetur consequuntur vel et voluptas omnis.', 0, '2020-01-29 06:08:22', '2020-01-29 06:08:22'),
(172, 32, 'Bradford Carroll', 'Perspiciatis voluptatem et id non. Ut nemo sit earum sit nihil velit. Qui iure animi assumenda rerum modi qui.', 2, '2020-01-29 06:08:22', '2020-01-29 06:08:22'),
(173, 35, 'Novella King', 'Et quia quidem hic sit. Modi aliquid consequatur quam sit sed et. Saepe possimus fugiat molestiae iure et.', 3, '2020-01-29 06:08:22', '2020-01-29 06:08:22'),
(174, 83, 'Brooklyn Baumbach I', 'Voluptatibus perspiciatis libero sapiente voluptas. Rerum enim nihil provident ratione doloremque dolores dolorem libero. Odit quo vel est unde eum eum. Totam et perspiciatis voluptatem et voluptatem rem praesentium.', 5, '2020-01-29 06:08:22', '2020-01-29 06:08:22'),
(175, 25, 'Norwood Mante', 'Qui sunt vel molestias est corrupti saepe. Eius exercitationem vel perspiciatis quo repellat autem voluptatem autem. Quia itaque et et non rem ut.', 4, '2020-01-29 06:08:22', '2020-01-29 06:08:22'),
(176, 69, 'Everette Kertzmann III', 'Cumque sit enim et suscipit molestiae explicabo quas. Laboriosam esse iusto quidem eos et quisquam explicabo.', 2, '2020-01-29 06:08:22', '2020-01-29 06:08:22'),
(177, 52, 'Kameron Turner', 'Enim necessitatibus sunt id dignissimos error sed minus dolorem. Molestiae nesciunt nobis corrupti dolores. Harum expedita placeat quasi fugit corrupti aut enim.', 3, '2020-01-29 06:08:22', '2020-01-29 06:08:22'),
(178, 100, 'Emanuel Little', 'Ipsam nemo magni debitis ea. Qui ipsa tempore facere est nihil ut. Eum eum vel blanditiis repellendus vel maxime reiciendis.', 0, '2020-01-29 06:08:22', '2020-01-29 06:08:22'),
(179, 58, 'Justus O\'Hara', 'Cupiditate quisquam temporibus sunt et. Officia dicta expedita eum. Doloremque adipisci non quia deleniti. Voluptas eum molestiae sequi delectus.', 3, '2020-01-29 06:08:22', '2020-01-29 06:08:22'),
(180, 64, 'Prof. Moriah Beer PhD', 'Harum inventore qui eos voluptas impedit nobis. Natus placeat sit et minus tempore. Nostrum aliquam dicta sed.', 2, '2020-01-29 06:08:22', '2020-01-29 06:08:22'),
(181, 95, 'Santina Beier', 'Ut error pariatur placeat sint. Velit delectus et est et nisi.', 5, '2020-01-29 06:08:22', '2020-01-29 06:08:22'),
(182, 37, 'Rosemarie Kessler', 'Quos vel culpa cum tempora dolores facere. Dolores expedita repellendus voluptas aliquam et. Tempora porro dolorem exercitationem et consequatur sunt sed.', 1, '2020-01-29 06:08:22', '2020-01-29 06:08:22'),
(183, 67, 'Prof. Jovany Sanford I', 'Eos officiis vel velit est est consequatur aut. Repellendus doloremque qui suscipit sit deleniti. Maiores consequatur rerum quidem voluptas earum sint illum blanditiis. Eveniet omnis ullam libero sit. Aut fugiat et accusantium rerum voluptas quisquam.', 4, '2020-01-29 06:08:22', '2020-01-29 06:08:22'),
(184, 22, 'Kayley Wuckert', 'Vero odit cumque reiciendis a quia amet maiores. Tempora exercitationem sapiente illum numquam. Itaque nihil ea labore aut sit. Qui saepe omnis ut maxime temporibus. Eos et quis quas et eveniet modi minus.', 0, '2020-01-29 06:08:22', '2020-01-29 06:08:22'),
(185, 27, 'Toni Fadel', 'Ut exercitationem qui itaque consectetur in. Repellendus nesciunt quam dolore alias et adipisci voluptas dolor. Qui vero ut fugit eum doloremque repudiandae.', 5, '2020-01-29 06:08:22', '2020-01-29 06:08:22'),
(186, 28, 'Keanu Halvorson Sr.', 'Assumenda reiciendis vel voluptatem provident aspernatur veritatis. Molestiae nihil qui libero nemo quae soluta. Molestiae saepe ipsum est enim ut.', 5, '2020-01-29 06:08:22', '2020-01-29 06:08:22'),
(187, 93, 'Prof. Christelle Graham Jr.', 'Rerum veniam et officia earum. Molestiae non et in nostrum dolorem deserunt inventore. Necessitatibus voluptatem delectus vitae modi. Sed sed natus nulla qui.', 1, '2020-01-29 06:08:22', '2020-01-29 06:08:22'),
(188, 22, 'Katrine Goldner MD', 'Tenetur aspernatur consectetur facere alias. Eum similique vel architecto perspiciatis molestias. Vel ipsam sunt aperiam recusandae expedita. Assumenda non ratione odio eveniet laborum corrupti. Exercitationem distinctio asperiores consequatur at minus velit aut.', 5, '2020-01-29 06:08:22', '2020-01-29 06:08:22'),
(189, 72, 'Reinhold Ruecker MD', 'Impedit ut debitis veritatis ut cum laboriosam. Dolorem quisquam aliquid eos at ut. Aliquid velit id ipsam consectetur quidem recusandae sit. Nam perspiciatis molestiae non deserunt quae vitae dicta a.', 0, '2020-01-29 06:08:22', '2020-01-29 06:08:22'),
(190, 50, 'Soledad Lind', 'Sint quidem non nam voluptatum velit est officiis. Sint nihil repudiandae ut at distinctio id. Et dolores atque quae et facere culpa.', 3, '2020-01-29 06:08:22', '2020-01-29 06:08:22'),
(191, 30, 'Estrella Considine', 'Sint repellendus debitis enim impedit ad iure possimus cumque. Et ut assumenda provident et.', 2, '2020-01-29 06:08:22', '2020-01-29 06:08:22'),
(192, 88, 'Mr. Simeon Weissnat', 'Ut itaque amet recusandae voluptate qui quisquam. In aut atque sit possimus necessitatibus et. Pariatur commodi alias possimus rerum sit dolorem reprehenderit magnam. Ex eaque molestias sit magnam repellendus ut. Officiis voluptate molestias ipsam occaecati sint.', 3, '2020-01-29 06:08:22', '2020-01-29 06:08:22'),
(193, 96, 'Mrs. Sincere Greenfelder PhD', 'Laudantium ut aliquid laboriosam error. At qui sequi necessitatibus sunt. Minus ut autem iure est id.', 2, '2020-01-29 06:08:23', '2020-01-29 06:08:23'),
(194, 71, 'Maximo Williamson', 'Rerum deleniti molestiae quia ipsam assumenda. Vel quis ipsa qui laboriosam eius voluptatum iste. Rerum laudantium qui omnis.', 5, '2020-01-29 06:08:23', '2020-01-29 06:08:23'),
(195, 80, 'Marcellus Maggio II', 'Accusamus dicta ratione aut ab maiores. Sequi excepturi quia libero eum id quos esse. Placeat nihil assumenda maiores sit ut veniam laudantium.', 1, '2020-01-29 06:08:23', '2020-01-29 06:08:23'),
(196, 48, 'Mauricio Kshlerin', 'Molestias ipsa eum est alias illum voluptatum repellat culpa. Ea qui quis vitae quaerat et ut. Possimus tenetur doloribus commodi ipsa doloribus quo iure. Voluptatum recusandae aperiam assumenda explicabo doloremque necessitatibus.', 4, '2020-01-29 06:08:23', '2020-01-29 06:08:23'),
(197, 64, 'Prof. Elijah Dach', 'Itaque nostrum temporibus ipsam quasi. Repudiandae suscipit voluptatem aut non quia dolores aspernatur. Tempora molestiae amet temporibus quos a quia. Aut consequuntur laudantium eos doloremque rem quam voluptatum.', 0, '2020-01-29 06:08:23', '2020-01-29 06:08:23'),
(198, 100, 'Angus Breitenberg', 'Velit illum quia rerum vel assumenda velit. Officia deserunt asperiores et numquam. Explicabo odio a eaque autem qui est.', 5, '2020-01-29 06:08:23', '2020-01-29 06:08:23'),
(199, 73, 'Alysson Grady', 'Aperiam cupiditate cum necessitatibus consectetur accusantium voluptate expedita consequatur. Laborum qui deserunt animi et voluptatem et. Et fugiat architecto reprehenderit beatae.', 5, '2020-01-29 06:08:23', '2020-01-29 06:08:23'),
(200, 37, 'Ressie Pfannerstill', 'Rerum ducimus omnis rerum. Aut voluptate sint nemo voluptatibus. Accusamus nesciunt nesciunt modi in. Ut doloremque aliquam magni et fugit eius neque. Qui repellat molestias dignissimos est.', 3, '2020-01-29 06:08:23', '2020-01-29 06:08:23'),
(201, 26, 'Michaela Ortiz', 'Ad nisi vel repellat unde. Ipsa non culpa ut. Voluptas et adipisci qui asperiores.', 2, '2020-01-29 06:08:23', '2020-01-29 06:08:23'),
(202, 19, 'Caleigh Little', 'Et vero sunt nihil ipsam id doloremque est quod. Molestiae harum minima dolore labore minus. Voluptatum voluptas alias iure at dolores. Quis voluptatibus dignissimos tenetur aut magni ipsam consequatur.', 4, '2020-01-29 06:08:23', '2020-01-29 06:08:23'),
(203, 41, 'Dr. Russ Bechtelar', 'Eius distinctio id ea omnis non. Molestiae sapiente quam vel enim. Dolore blanditiis ut laudantium illo. Quam rem est praesentium autem beatae aut tenetur.', 1, '2020-01-29 06:08:23', '2020-01-29 06:08:23'),
(204, 2, 'Mr. Mack Kilback DVM', 'Molestiae magnam quis quia impedit. Velit et earum enim dicta fugit. Esse ea odio soluta et sit sint. Maxime nihil fugiat vel reiciendis velit qui optio.', 3, '2020-01-29 06:08:23', '2020-01-29 06:08:23'),
(205, 16, 'Kathryn Kerluke IV', 'Ratione ducimus saepe ipsa consequatur amet sapiente repellat. Ipsam similique iusto qui ducimus. Accusantium officiis aut quia quod fugit nulla asperiores.', 0, '2020-01-29 06:08:23', '2020-01-29 06:08:23'),
(206, 2, 'Candelario Lehner', 'Qui animi nobis ut minima et. Ut expedita et cum. Incidunt nobis deserunt eaque aspernatur est. Dolor consequatur ex quaerat at hic cumque quidem.', 0, '2020-01-29 06:08:23', '2020-01-29 06:08:23'),
(207, 13, 'Chelsie Fisher V', 'Animi ipsa sapiente veritatis sed. Quo nostrum voluptate enim illum exercitationem. Officiis et consequatur in dolores reprehenderit illo.', 4, '2020-01-29 06:08:23', '2020-01-29 06:08:23');
INSERT INTO `reviews` (`id`, `product_id`, `customer`, `review`, `star`, `created_at`, `updated_at`) VALUES
(208, 53, 'Mr. Pierce Maggio', 'Omnis doloremque iusto nesciunt enim. Velit nam optio perspiciatis cupiditate quia. Quis ea vel et earum. Omnis ut et voluptatem vitae quae.', 2, '2020-01-29 06:08:23', '2020-01-29 06:08:23'),
(209, 79, 'Fletcher Kuhn', 'Numquam non officia fuga omnis. Quia et qui sint et mollitia quo quos. Maxime enim minus facilis vel ab debitis et dignissimos. Ab et eveniet earum laboriosam non.', 4, '2020-01-29 06:08:23', '2020-01-29 06:08:23'),
(210, 71, 'Ms. Briana Jakubowski', 'Expedita perferendis delectus hic est. Voluptate numquam rem nam fuga minus magnam quam.', 0, '2020-01-29 06:08:23', '2020-01-29 06:08:23'),
(211, 46, 'Dr. Michele Bernhard', 'Sit et sed praesentium. Odio labore perspiciatis et quod omnis.', 0, '2020-01-29 06:08:23', '2020-01-29 06:08:23'),
(212, 32, 'Claudie Fay', 'Ut accusantium architecto culpa neque et dolores. Atque delectus animi distinctio animi neque. Rerum voluptates velit sint expedita aut atque. Rerum quo dolores qui beatae qui.', 1, '2020-01-29 06:08:23', '2020-01-29 06:08:23'),
(213, 29, 'Guiseppe Cruickshank', 'Occaecati eligendi et ipsam nam voluptas. Qui tempora consequatur voluptatum eum. Deleniti et incidunt sunt voluptatibus sit nesciunt a asperiores. Magni nisi praesentium hic et itaque neque sit iure.', 2, '2020-01-29 06:08:23', '2020-01-29 06:08:23'),
(214, 86, 'Ms. Antoinette Carroll', 'Labore in tempore consequatur consequatur ut. Ex quo sit ea deserunt. Sit vel nihil nihil vitae consequatur est adipisci.', 3, '2020-01-29 06:08:23', '2020-01-29 06:08:23'),
(215, 47, 'Reed Mann', 'Hic asperiores et molestiae. Aut sit accusamus consequatur rem provident. In quia necessitatibus officiis consequatur.', 0, '2020-01-29 06:08:23', '2020-01-29 06:08:23'),
(216, 46, 'Ms. Clotilde Schinner', 'Porro sequi debitis excepturi iste. Recusandae suscipit quidem totam qui sed. Eum eum pariatur eos voluptatem enim quidem nihil. Eum voluptatum eum dolorum vel iusto accusamus.', 1, '2020-01-29 06:08:23', '2020-01-29 06:08:23'),
(217, 70, 'Stanford Wiegand', 'Voluptatum fugiat vel et. Dicta quia excepturi optio repellat illo nulla. Aspernatur assumenda culpa dolorum ipsum.', 5, '2020-01-29 06:08:23', '2020-01-29 06:08:23'),
(218, 48, 'Hattie Gulgowski', 'Et sit aut ipsam velit sint neque cupiditate perspiciatis. Ab laborum dolores recusandae qui quia distinctio. In omnis libero molestiae voluptatem iure in nulla.', 4, '2020-01-29 06:08:23', '2020-01-29 06:08:23'),
(219, 63, 'Mr. Lorenzo Trantow', 'Reiciendis dolorem et voluptatem consequuntur. Esse minus eum beatae veritatis iusto. In nobis officia modi qui modi. Sit inventore molestiae voluptatibus rerum aliquam nesciunt id.', 1, '2020-01-29 06:08:23', '2020-01-29 06:08:23'),
(220, 74, 'Narciso Koch', 'Minima cum dicta repellat magnam. Et ea qui et quae. Rem accusantium molestiae error omnis ratione et omnis totam. Quae dignissimos voluptatem iste sequi et esse.', 4, '2020-01-29 06:08:24', '2020-01-29 06:08:24'),
(221, 98, 'Prof. Chadrick Schaden', 'Quisquam omnis et officia non quibusdam. Praesentium quis necessitatibus earum odit doloremque nostrum sit. Ut debitis non molestiae sapiente modi iusto molestiae quam. Unde vero voluptatem expedita aut.', 4, '2020-01-29 06:08:24', '2020-01-29 06:08:24'),
(222, 12, 'Kelsie Wolff MD', 'Aut enim beatae consequuntur aperiam architecto voluptas. Magni et dicta aut. Ipsam fuga voluptatem modi rerum omnis.', 2, '2020-01-29 06:08:24', '2020-01-29 06:08:24'),
(223, 16, 'Dr. Lisette Durgan Jr.', 'Ad dicta id consequatur id et ipsam sit. Ut optio ex vitae ab qui quidem aut et. Necessitatibus in modi voluptatum inventore odio quibusdam et excepturi. Cum cum quia facilis odit dolorem qui. Et cumque tempora eos dolorum non.', 0, '2020-01-29 06:08:24', '2020-01-29 06:08:24'),
(224, 48, 'Miss Aurelie Greenfelder IV', 'Veritatis occaecati assumenda harum non non consequatur eum. Quis minima culpa est impedit aut dolore itaque. Nostrum labore praesentium iste quia.', 5, '2020-01-29 06:08:24', '2020-01-29 06:08:24'),
(225, 78, 'Dr. Gino Ratke MD', 'Molestiae ea nisi perspiciatis dignissimos. Eos consequuntur tenetur repellat iusto sequi corporis. Sint qui qui ducimus magni pariatur. Deleniti quasi molestias quasi consequuntur. Veritatis qui odio ea quam.', 1, '2020-01-29 06:08:24', '2020-01-29 06:08:24'),
(226, 72, 'Claire Moen V', 'Facere non ad eum est aut id vel. Ut earum facere atque et tempore. Dignissimos est iusto doloremque consectetur. Quis quidem sit sed ipsam alias qui. In optio ex exercitationem accusamus.', 1, '2020-01-29 06:08:24', '2020-01-29 06:08:24'),
(227, 86, 'Jakayla Adams Sr.', 'Qui in iure veritatis aliquid molestiae. Itaque velit eveniet nam eos rem neque quo. Sit culpa quisquam ea temporibus. Eius velit dolor quia velit sed qui ducimus totam.', 4, '2020-01-29 06:08:24', '2020-01-29 06:08:24'),
(228, 40, 'Mrs. Heather Hodkiewicz', 'Vero odio pariatur quia dolorem eum illum voluptates ut. Et voluptate expedita adipisci et. Quia numquam minus saepe dolore rerum illo aut. Itaque fugiat modi et asperiores. Mollitia est vel eveniet minima odit quasi.', 2, '2020-01-29 06:08:24', '2020-01-29 06:08:24'),
(229, 93, 'Fleta D\'Amore', 'Quam voluptatem autem et saepe commodi voluptas. Rem itaque unde quia itaque quisquam.', 2, '2020-01-29 06:08:24', '2020-01-29 06:08:24'),
(230, 24, 'Mrs. Mabel Wunsch', 'Vero earum et at deserunt eligendi expedita. Pariatur impedit porro vel corporis doloribus. Recusandae aut aut consequatur repudiandae eligendi.', 1, '2020-01-29 06:08:24', '2020-01-29 06:08:24'),
(231, 42, 'Bella Stamm', 'Pariatur nulla sit alias inventore molestiae odio maxime magni. Possimus aliquid dolores tempore quia laboriosam. Deserunt consequatur qui sint sunt ratione quisquam.', 4, '2020-01-29 06:08:24', '2020-01-29 06:08:24'),
(232, 71, 'Tess Kreiger', 'Fugit blanditiis et facilis similique enim iure. Molestiae saepe velit aperiam quia velit dolorem. Et nulla non rerum illum quo reiciendis. Dicta aliquid ea sit.', 3, '2020-01-29 06:08:24', '2020-01-29 06:08:24'),
(233, 35, 'Morton McLaughlin', 'Dicta quidem quis recusandae beatae omnis consequatur. Quo eos fuga omnis ex. Unde ipsa fugiat voluptatem consectetur maiores.', 2, '2020-01-29 06:08:24', '2020-01-29 06:08:24'),
(234, 56, 'Mabelle Becker', 'Enim ut velit sunt. Voluptas blanditiis consequuntur repudiandae sequi nam dolores.', 2, '2020-01-29 06:08:24', '2020-01-29 06:08:24'),
(235, 92, 'Kaylin Blanda DVM', 'Sint quod sit expedita iure. Esse odio sit perspiciatis velit ad consectetur impedit.', 0, '2020-01-29 06:08:24', '2020-01-29 06:08:24'),
(236, 20, 'Deontae Hane DVM', 'Possimus quos aut adipisci. Mollitia est voluptas voluptas impedit fugit inventore ratione quam.', 1, '2020-01-29 06:08:24', '2020-01-29 06:08:24'),
(237, 13, 'Crystal Bradtke', 'Dicta reprehenderit adipisci aperiam voluptatem enim. Quo aut et id distinctio harum. Voluptatum cum quod est esse.', 3, '2020-01-29 06:08:24', '2020-01-29 06:08:24'),
(238, 74, 'Geovanny Mills', 'Quaerat aut hic similique dolorem voluptatem minima ratione. Qui recusandae soluta debitis voluptatem. Unde non ut laborum qui quae.', 0, '2020-01-29 06:08:24', '2020-01-29 06:08:24'),
(239, 62, 'Mr. Robin Weissnat', 'Nulla ratione consequatur quo provident magni omnis. In quo quia veniam optio dolores et. Ut architecto enim explicabo totam.', 5, '2020-01-29 06:08:24', '2020-01-29 06:08:24'),
(240, 49, 'Alexys Denesik', 'Consequuntur ut fugiat sequi et numquam pariatur consequatur. Sit deleniti dignissimos laboriosam magnam. Voluptate dolores porro autem rerum natus laboriosam vitae. Aliquid laboriosam fuga possimus aut saepe rerum debitis.', 0, '2020-01-29 06:08:24', '2020-01-29 06:08:24'),
(241, 41, 'Mr. Furman Ryan', 'Qui qui deleniti temporibus odit unde. Praesentium dolor nulla eos id soluta fugit. Est atque aut quo exercitationem optio culpa nemo dolorem. Optio quidem excepturi quia fuga.', 1, '2020-01-29 06:08:24', '2020-01-29 06:08:24'),
(242, 90, 'Miss Audrey Legros', 'Praesentium nihil ullam ex consectetur qui omnis ad et. Qui officia dolorem ea eveniet. Ut consequatur earum consequatur facere incidunt. Ut excepturi itaque ut odit laboriosam doloribus. Vero ipsam praesentium distinctio mollitia quia beatae.', 0, '2020-01-29 06:08:24', '2020-01-29 06:08:24'),
(243, 48, 'Florine Koch', 'Iste consequatur expedita numquam. Voluptatem ratione rerum repudiandae quas quam ex. Quaerat nesciunt quaerat ut beatae. Eaque consectetur id sed ab.', 0, '2020-01-29 06:08:24', '2020-01-29 06:08:24'),
(244, 9, 'Edd Morar', 'At qui illo eligendi est et aliquam. Est suscipit modi sed laborum. Maiores culpa consequatur velit assumenda aut ea repellendus. Aperiam labore sint illum blanditiis ab.', 2, '2020-01-29 06:08:24', '2020-01-29 06:08:24'),
(245, 75, 'Miss Orpha Kautzer MD', 'Ab mollitia nihil incidunt aliquid veniam. Officiis asperiores ratione iste voluptas tempora hic. Molestiae exercitationem doloremque hic est quidem dolorem et. Est sunt rerum aliquam pariatur illo et modi.', 1, '2020-01-29 06:08:24', '2020-01-29 06:08:24'),
(246, 58, 'Samara Jacobi DDS', 'Quia unde est sed velit repudiandae quidem quia. Ut quos atque sed sed ea. Minus in est cupiditate exercitationem culpa molestias aut et.', 4, '2020-01-29 06:08:24', '2020-01-29 06:08:24'),
(247, 97, 'Luciano Vandervort PhD', 'Debitis qui ut aperiam sit nesciunt vitae. Qui maxime atque corrupti adipisci. Dolore voluptas aliquam aliquam similique animi quisquam saepe. Sit ipsa esse optio aut nobis praesentium sunt temporibus.', 4, '2020-01-29 06:08:24', '2020-01-29 06:08:24'),
(248, 52, 'Prof. Melisa Gerhold Jr.', 'Quos et consequatur explicabo. Est et voluptas est corporis.', 4, '2020-01-29 06:08:24', '2020-01-29 06:08:24'),
(249, 76, 'Harold Tromp', 'Reprehenderit et similique aperiam ipsam. Omnis sunt ut et. Sit eius dolor nihil deserunt. Voluptatum est qui consequatur sed iste.', 0, '2020-01-29 06:08:25', '2020-01-29 06:08:25'),
(250, 7, 'Prof. Maxine Welch', 'Debitis eos qui perferendis laudantium neque officiis. Voluptas non aperiam eligendi quisquam cum sunt. Illum odit in omnis et. Aut esse commodi odit provident.', 5, '2020-01-29 06:08:25', '2020-01-29 06:08:25'),
(251, 50, 'Shaun Terry', 'Maxime reprehenderit ab qui architecto. Quos nihil asperiores inventore et iure consequatur. Temporibus deserunt consequatur praesentium ab voluptatem suscipit. Quos dolore nulla est dolor beatae sed.', 2, '2020-01-29 06:08:25', '2020-01-29 06:08:25'),
(252, 82, 'Mertie Bogan Jr.', 'Eum culpa nobis laborum quia culpa. Rerum dolores culpa et ullam. Labore sed ipsum autem assumenda qui deserunt autem.', 2, '2020-01-29 06:08:25', '2020-01-29 06:08:25'),
(254, 72, 'Rozella Zboncak', 'Explicabo corrupti molestiae accusantium excepturi. Qui ut dicta qui minima dolorum in rerum. Ab minus nihil nostrum dolores.', 0, '2020-01-29 06:08:25', '2020-01-29 06:08:25'),
(255, 39, 'Carmella Russel PhD', 'Explicabo quam natus eum perferendis officia dignissimos odio. Perspiciatis veniam asperiores sit sunt sequi adipisci.', 2, '2020-01-29 06:08:25', '2020-01-29 06:08:25'),
(256, 87, 'Prof. Jesus Bernhard I', 'Autem quibusdam facilis culpa facilis et et dolor. Ut nesciunt maiores sit eveniet numquam sit. Earum quo at sit nesciunt recusandae facere. Dolorem quidem aut ea doloribus ratione hic.', 4, '2020-01-29 06:08:25', '2020-01-29 06:08:25'),
(257, 43, 'Yolanda O\'Connell', 'Delectus voluptas earum iure amet soluta rem. Id vero at vel voluptas commodi nisi nostrum. Illo et eaque veniam vero a eveniet beatae. Quasi eveniet pariatur et harum accusamus aut iusto.', 1, '2020-01-29 06:08:25', '2020-01-29 06:08:25'),
(258, 4, 'Prof. Justina Gottlieb', 'Similique voluptatem cum voluptatibus enim. Amet minus et aut eligendi. Nostrum quia explicabo modi hic.', 5, '2020-01-29 06:08:25', '2020-01-29 06:08:25'),
(259, 64, 'Prof. Kareem Schneider II', 'Voluptas qui repellat nihil totam vitae consequatur beatae. Nisi id distinctio odio deleniti qui aliquid voluptate sed. Sit dolorum ullam odio tenetur. Molestiae nihil repellat officiis maxime necessitatibus voluptates.', 3, '2020-01-29 06:08:25', '2020-01-29 06:08:25'),
(260, 92, 'Mrs. Stephanie Rippin III', 'Reprehenderit ut sunt asperiores quaerat. Ut laborum quos eligendi distinctio. Quas consequuntur nesciunt ut ullam vero qui rerum. Non reprehenderit dolorem cupiditate dicta sunt quibusdam. Consequatur veritatis beatae ea omnis.', 1, '2020-01-29 06:08:25', '2020-01-29 06:08:25'),
(261, 86, 'Dr. Orlando Kovacek', 'Omnis alias non voluptas doloribus inventore sed odit. Facere magni adipisci dolor quae cupiditate. Tenetur sint non est perspiciatis cum.', 0, '2020-01-29 06:08:25', '2020-01-29 06:08:25'),
(262, 4, 'Dr. Abdul Wuckert', 'Dolorem quidem tenetur qui quos voluptas non. Aut accusantium illo quis corrupti iusto necessitatibus.', 1, '2020-01-29 06:08:25', '2020-01-29 06:08:25'),
(263, 94, 'Sandrine Orn', 'Ullam autem aut optio corrupti amet ut vitae sapiente. Minima praesentium ab sit. Perferendis ut consequatur consequatur provident ex tempore est. Facilis asperiores nam dicta excepturi consectetur perspiciatis.', 1, '2020-01-29 06:08:25', '2020-01-29 06:08:25'),
(264, 33, 'Dr. Nyah Abernathy', 'Nesciunt consequatur nihil voluptate possimus. Amet labore et quasi eum in omnis id. Nostrum sit expedita in voluptas est consequatur repellendus. Vel ducimus doloremque deleniti tempore est.', 5, '2020-01-29 06:08:25', '2020-01-29 06:08:25'),
(265, 14, 'Hilbert Mayer Sr.', 'Est vel molestias totam ut est ratione accusamus. Omnis totam id laudantium nulla corporis ad consequuntur. Deserunt neque sit quo et aliquid ea et. Similique vero aliquid accusamus sunt qui accusantium ipsa. Fugit voluptatibus nihil nobis non.', 5, '2020-01-29 06:08:25', '2020-01-29 06:08:25'),
(266, 56, 'Jeanette Armstrong', 'Reprehenderit velit nulla deleniti explicabo et. Et at adipisci sit. Exercitationem mollitia expedita distinctio sit tenetur nihil eos. Est ut ut eligendi iusto voluptas.', 3, '2020-01-29 06:08:25', '2020-01-29 06:08:25'),
(267, 82, 'Mrs. Betty Kerluke II', 'Quaerat accusamus deleniti non et commodi. Minima accusamus in qui vitae. Omnis doloremque dolore fugit voluptas dolor similique.', 1, '2020-01-29 06:08:25', '2020-01-29 06:08:25'),
(268, 85, 'Dr. Grant Murray DVM', 'Libero atque debitis optio earum dolor doloremque eum. Non nostrum doloremque necessitatibus illo omnis id impedit. Rerum quaerat sint aut quae enim. Rerum perspiciatis eius nisi.', 3, '2020-01-29 06:08:25', '2020-01-29 06:08:25'),
(269, 10, 'Levi Crooks', 'Nihil deleniti ab sequi dolorum perferendis. Debitis aut in est quas odio quis. Sint voluptatem soluta labore voluptatem repellat dolorum adipisci.', 5, '2020-01-29 06:08:25', '2020-01-29 06:08:25'),
(270, 22, 'Modesta Ruecker', 'Doloribus qui quas possimus ut distinctio unde. Repudiandae possimus voluptatum ipsum sint quia odio provident. Commodi et minus qui nihil. Consequuntur voluptatem aut quia vel architecto voluptates. Deserunt hic consequatur minima molestias.', 3, '2020-01-29 06:08:25', '2020-01-29 06:08:25'),
(271, 75, 'Cristal Vandervort', 'Minus perferendis voluptas velit ea harum ipsam suscipit. Qui molestiae officia mollitia voluptates ut. Qui itaque sunt quia dolorem. Recusandae et illum excepturi ad animi natus.', 1, '2020-01-29 06:08:25', '2020-01-29 06:08:25'),
(272, 37, 'Prof. Earl Corkery', 'Ducimus quia adipisci nisi minima perspiciatis. Qui deleniti voluptatem rerum quibusdam voluptatem ut perferendis. Magni incidunt reprehenderit et sit.', 1, '2020-01-29 06:08:25', '2020-01-29 06:08:25'),
(273, 9, 'Jayme Jerde', 'Esse dicta tempora et praesentium. Aut provident molestiae iure et sapiente ea. Recusandae ipsum modi vel illo voluptatem pariatur nihil.', 2, '2020-01-29 06:08:25', '2020-01-29 06:08:25'),
(274, 76, 'Akeem Gulgowski', 'Asperiores ex rerum tenetur nulla commodi non officiis maiores. Sint voluptatum impedit pariatur id et fuga fugiat. Dolore molestias sit itaque sit autem.', 4, '2020-01-29 06:08:25', '2020-01-29 06:08:25'),
(275, 89, 'Prof. Amber Sauer', 'Perferendis nihil velit dolores sed. Est non doloremque modi quibusdam.', 4, '2020-01-29 06:08:25', '2020-01-29 06:08:25'),
(276, 90, 'Robert Kuvalis', 'Ut velit corrupti alias aut. Totam recusandae quia dolorem similique quos reprehenderit dolores recusandae. Omnis repellendus id et quia. Sint blanditiis et dolore ipsam occaecati ut unde sit.', 5, '2020-01-29 06:08:25', '2020-01-29 06:08:25'),
(277, 22, 'Noemie Jenkins DDS', 'Eligendi dolorem neque harum voluptatum et. Recusandae voluptate ea quam sed est quis odit. Qui beatae animi voluptatum et assumenda. Eum ipsa perspiciatis commodi est voluptas.', 5, '2020-01-29 06:08:25', '2020-01-29 06:08:25'),
(278, 88, 'Prof. Ashley Rutherford', 'Dolores iste possimus et natus dolore optio. At optio est fugiat qui laborum quasi consequatur neque. Rerum enim reiciendis error non ullam fugiat.', 4, '2020-01-29 06:08:26', '2020-01-29 06:08:26'),
(279, 2, 'Dallin Streich IV', 'Occaecati tenetur sit aut doloribus sit ea et. Quia assumenda suscipit alias odit itaque voluptas. Itaque eius ad est.', 0, '2020-01-29 06:08:26', '2020-01-29 06:08:26'),
(280, 60, 'Mr. Don McClure', 'Porro ab dolor est consequatur eaque quibusdam consequatur. Ut in ut magnam magnam. Excepturi est nesciunt quia ex tenetur iusto commodi.', 5, '2020-01-29 06:08:26', '2020-01-29 06:08:26'),
(281, 62, 'Remington Hermiston', 'Eum porro eveniet deleniti sed quod. Cum cupiditate soluta eos odio provident sed. Incidunt nihil ab quo inventore dolor.', 2, '2020-01-29 06:08:26', '2020-01-29 06:08:26'),
(282, 94, 'Ms. Ruthie Romaguera', 'Dolorem quaerat impedit eaque commodi. Distinctio est quia molestiae eveniet nam consequatur et vero. Deserunt vel modi aut.', 3, '2020-01-29 06:08:26', '2020-01-29 06:08:26'),
(283, 8, 'Roger Sanford', 'Error repudiandae facere eos quas. Nostrum fugit saepe eum eligendi. Harum pariatur pariatur quibusdam aut natus ipsum labore. Molestias ab officia sit et quos et.', 1, '2020-01-29 06:08:26', '2020-01-29 06:08:26'),
(284, 96, 'Ms. Zora Daniel', 'Qui ut minus sit vel delectus voluptatem. Est ut doloribus eveniet et. Iste ea cupiditate dolorum sapiente nobis eos accusamus. Natus necessitatibus aut et vero et quo dolores numquam.', 2, '2020-01-29 06:08:26', '2020-01-29 06:08:26'),
(285, 17, 'Dr. Yadira Lindgren MD', 'Eius tenetur neque quia perferendis voluptates voluptatum ut. Vitae quia impedit nisi autem laudantium quis. Laboriosam esse libero aspernatur aliquam fugiat. Eius quisquam accusamus non.', 2, '2020-01-29 06:08:26', '2020-01-29 06:08:26'),
(286, 28, 'Cale Green', 'Eaque quasi sed suscipit voluptatibus culpa sed. In non iste explicabo ab fuga consequatur. Aliquid vel accusamus iure repellat provident suscipit repellat culpa. Sed voluptatem vel iste recusandae deserunt. Omnis maxime quisquam sunt amet aliquid iste.', 3, '2020-01-29 06:08:26', '2020-01-29 06:08:26'),
(287, 7, 'Dion Schumm', 'Et nihil nesciunt praesentium sit ipsum excepturi perferendis. Animi dolore iure eum. Ab occaecati et ex et provident cupiditate.', 1, '2020-01-29 06:08:26', '2020-01-29 06:08:26'),
(288, 56, 'Dr. Chauncey Metz V', 'Sit occaecati similique dolores nam sed voluptatum recusandae. Velit dolores ratione dolores repudiandae ex distinctio temporibus hic. Modi modi et magni voluptates.', 5, '2020-01-29 06:08:26', '2020-01-29 06:08:26'),
(289, 34, 'Susan Kuvalis', 'Quaerat harum ipsa deleniti doloribus dolor. Repellendus rerum saepe quia accusantium nobis saepe. A molestias veniam et est.', 3, '2020-01-29 06:08:26', '2020-01-29 06:08:26'),
(290, 87, 'Alverta Lakin', 'Odit facilis necessitatibus mollitia est soluta. Occaecati nulla tenetur ex natus sit excepturi culpa. Illum esse minus veritatis reprehenderit perferendis minus eum et. Non quidem ducimus sunt eligendi.', 5, '2020-01-29 06:08:27', '2020-01-29 06:08:27'),
(291, 51, 'Prof. Simeon Schiller IV', 'Omnis sed omnis qui accusantium officiis non culpa reiciendis. Repellat in ut iure nesciunt ab reiciendis. Praesentium exercitationem ipsam omnis porro. Reprehenderit fugiat consequatur adipisci deleniti dolores aut.', 1, '2020-01-29 06:08:27', '2020-01-29 06:08:27'),
(292, 48, 'Sandra Stiedemann', 'Porro natus eum ut et laboriosam. Consequuntur ullam culpa non minus. Expedita id inventore nihil natus iste praesentium dolor. Voluptas nihil ad voluptatem esse.', 0, '2020-01-29 06:08:27', '2020-01-29 06:08:27'),
(293, 61, 'Prof. Caitlyn Stokes', 'Ullam aut fuga autem omnis consectetur. Molestias eveniet quae consequatur hic quos ut aliquid.', 0, '2020-01-29 06:08:27', '2020-01-29 06:08:27'),
(294, 21, 'Miss Destini Bailey', 'Odit delectus officiis asperiores aut consequatur. Alias velit voluptatem corrupti. Ipsa qui expedita cumque. A nesciunt aut quod enim.', 4, '2020-01-29 06:08:27', '2020-01-29 06:08:27'),
(295, 39, 'Leopold Becker', 'Voluptatum consequatur sit voluptas nostrum omnis. Itaque assumenda modi placeat ipsa dolores illum et. Quia itaque eos quisquam libero iusto delectus laudantium.', 1, '2020-01-29 06:08:27', '2020-01-29 06:08:27'),
(296, 3, 'Murl Dare IV', 'Eum sit illum earum sint est eum. Non omnis quod aut earum distinctio cum. Et repellendus maiores saepe incidunt maxime autem qui quos. Voluptatem nihil error qui sapiente quibusdam provident sint. Facilis maiores architecto molestiae beatae quibusdam.', 2, '2020-01-29 06:08:27', '2020-01-29 06:08:27'),
(297, 27, 'Tess Schinner', 'Dolor totam in eum at. Recusandae fugit quaerat et temporibus aperiam nobis. Asperiores deserunt ipsa odit aliquam. Sequi sit neque repellat animi consectetur et.', 4, '2020-01-29 06:08:27', '2020-01-29 06:08:27'),
(298, 39, 'Prof. Enrique West IV', 'Doloribus quia animi debitis veritatis hic vel et. Consequuntur tempore temporibus nostrum quia. Nulla ut iure possimus omnis optio.', 2, '2020-01-29 06:08:27', '2020-01-29 06:08:27'),
(299, 99, 'Lavina Luettgen', 'Officiis sapiente doloremque magnam nisi nihil dicta optio. Quae ipsa voluptate nostrum dolorem. Et consectetur rem ad voluptates laborum tempore. Saepe sunt facere minima voluptas animi.', 3, '2020-01-29 06:08:27', '2020-01-29 06:08:27'),
(300, 94, 'Keagan Mante', 'Non voluptatem veniam pariatur dolore consectetur. Nemo sit dicta sint veniam et voluptas maiores. Ipsum in aut officia eveniet rerum ut.', 5, '2020-01-29 06:08:27', '2020-01-29 06:08:27'),
(301, 93, 'Sedrick Kuhn', 'Nostrum sint eum quaerat quibusdam. Voluptas quos recusandae ea repudiandae debitis. Harum illum nisi maiores mollitia consectetur excepturi. Et accusantium ullam adipisci sit facilis. Aspernatur officiis a dolores unde eaque.', 5, '2020-01-29 06:08:27', '2020-01-29 06:08:27'),
(302, 65, 'Creola Heathcote', 'Voluptatibus distinctio minus et sed fugiat eligendi id libero. Quam quod et ut accusamus commodi. Assumenda laborum vitae vel enim autem.', 4, '2020-01-29 06:08:27', '2020-01-29 06:08:27'),
(303, 37, 'Cheyanne Hickle', 'Neque facere architecto enim eum corporis similique. Animi et modi officia non earum cupiditate. Eos architecto autem autem qui at similique aut quis. Eum fuga recusandae quod quia ut repudiandae praesentium.', 0, '2020-01-29 06:08:27', '2020-01-29 06:08:27'),
(304, 8, 'Dr. Jade Hintz Jr.', 'Distinctio id aut adipisci id. Officia quidem delectus dolorem ipsa alias rerum. Et et temporibus ut. Dolor rerum et ut quaerat dolor saepe commodi fuga. Ullam ducimus exercitationem non laboriosam et.', 1, '2020-01-29 06:08:27', '2020-01-29 06:08:27'),
(305, 7, 'Maida Huels', 'Eos nostrum molestiae harum nemo distinctio. Ipsam sint repellendus qui sint et rerum vero. Consequatur in qui quae aliquam eaque nesciunt consequatur. Nihil sint ut doloremque ea autem sint qui repellat.', 2, '2020-01-29 06:08:27', '2020-01-29 06:08:27'),
(306, 24, 'Lawson Balistreri', 'Sit quod aperiam et soluta incidunt eveniet. Numquam qui rerum non voluptatem exercitationem nesciunt sunt. Itaque est numquam numquam inventore vel saepe error. Sit et est dolorum voluptatum consectetur et.', 2, '2020-01-29 06:08:27', '2020-01-29 06:08:27'),
(307, 34, 'Mrs. Mabelle Muller I', 'Eveniet distinctio minima maxime consequatur architecto occaecati velit. Deleniti hic voluptatem et neque modi earum similique. Facilis repellat sint adipisci et. Eos molestiae dolorum veniam ducimus autem.', 5, '2020-01-29 06:08:27', '2020-01-29 06:08:27'),
(308, 15, 'Pietro Bailey', 'Fugit quas autem repellat. Magni sint ut ad vel consequatur iste aut. Aspernatur adipisci autem amet eos aut. Rerum quidem nihil ipsam consequatur aut.', 0, '2020-01-29 06:08:27', '2020-01-29 06:08:27'),
(309, 41, 'Janessa Frami', 'Nostrum illum aspernatur consequatur tenetur sit inventore. Voluptatibus beatae exercitationem ipsam. Voluptatibus reprehenderit adipisci sequi ut eligendi reprehenderit illum.', 4, '2020-01-29 06:08:27', '2020-01-29 06:08:27'),
(310, 19, 'Elmer Cormier', 'Minima qui nam sequi quia commodi voluptas. Cupiditate enim eum culpa eveniet aliquid consectetur laborum. Quas earum id asperiores eos maiores iste. Earum est ut et dolorum.', 4, '2020-01-29 06:08:28', '2020-01-29 06:08:28'),
(311, 57, 'Dr. Flossie Lockman V', 'Ipsa sed minima perferendis quia. Dolores et est deserunt labore ratione. Et vel in reprehenderit et. Quis qui in illum vitae dolorum nemo officiis.', 5, '2020-01-29 06:08:28', '2020-01-29 06:08:28'),
(312, 72, 'Ashly Tremblay', 'Et eum ab sit quae et. Qui autem excepturi culpa illo. Consequatur ipsum saepe ut praesentium adipisci.', 2, '2020-01-29 06:08:28', '2020-01-29 06:08:28'),
(313, 85, 'Bonnie Grant', 'Velit architecto repellat vero eius. Aut omnis necessitatibus cum voluptatem tempore rerum. Distinctio in voluptatem aut animi ut.', 3, '2020-01-29 06:08:28', '2020-01-29 06:08:28'),
(314, 21, 'Ocie Schmitt', 'Exercitationem in consequatur corrupti laborum dolorem. Cumque numquam consequatur et ut autem quia. Vel aut et est aspernatur voluptatem dolorem eius.', 1, '2020-01-29 06:08:28', '2020-01-29 06:08:28'),
(315, 38, 'Dr. Brice Champlin', 'Quaerat recusandae sint vero aut dolor quisquam repellat soluta. Mollitia dicta rerum voluptatem incidunt minus magnam. Ducimus ducimus fugit dolore sunt.', 2, '2020-01-29 06:08:28', '2020-01-29 06:08:28'),
(316, 24, 'Sydni Jacobi', 'Vel est aperiam corporis iusto sint perspiciatis. Corporis odit qui similique veritatis rerum quae. Incidunt sit aperiam cum est doloribus provident optio praesentium. Omnis dolores quis laboriosam fuga sed sunt.', 2, '2020-01-29 06:08:28', '2020-01-29 06:08:28'),
(317, 56, 'Nat Cassin V', 'Sint enim impedit quaerat maxime. Est quo tempore aspernatur aut id. Animi quas dolorum est placeat.', 4, '2020-01-29 06:08:28', '2020-01-29 06:08:28'),
(318, 96, 'Mrs. Myriam Boyer DVM', 'Quo aspernatur quo placeat doloribus inventore consequatur aut. Pariatur commodi ipsam totam ducimus quisquam. Ut itaque incidunt ratione reprehenderit tempora ut architecto dolorem. Odio commodi et et.', 3, '2020-01-29 06:08:28', '2020-01-29 06:08:28'),
(319, 66, 'Hilma Friesen', 'Omnis nesciunt sunt rerum sunt mollitia neque placeat. Molestiae ut suscipit animi officiis. Nihil totam distinctio iste in. Veniam rerum fuga sit nihil at.', 0, '2020-01-29 06:08:28', '2020-01-29 06:08:28'),
(320, 58, 'Stan Sanford', 'Sed nulla illum id in nostrum sunt. Expedita accusantium quia ut. Architecto tempore excepturi distinctio soluta asperiores molestiae ipsam.', 5, '2020-01-29 06:08:28', '2020-01-29 06:08:28'),
(321, 94, 'Jonathan Lindgren Sr.', 'Ducimus sapiente nemo tenetur. Qui tempore odio dolores sunt. Ipsa recusandae a nesciunt facere nihil.', 1, '2020-01-29 06:08:28', '2020-01-29 06:08:28'),
(322, 11, 'Gladys Hill', 'In doloremque qui quos et dignissimos. Est repellat maiores ab odio non adipisci molestiae.', 3, '2020-01-29 06:08:28', '2020-01-29 06:08:28'),
(323, 84, 'Tina Watsica', 'Vero sapiente aut provident voluptatum. Quos nulla totam a non voluptatem nam earum. Eos vero dolor dolorem.', 2, '2020-01-29 06:08:28', '2020-01-29 06:08:28'),
(324, 13, 'Edison Stracke', 'Explicabo quia debitis odit at. Dolores quibusdam consequatur a omnis. In autem velit eos in in. Culpa nam sapiente velit tenetur.', 1, '2020-01-29 06:08:28', '2020-01-29 06:08:28'),
(325, 38, 'Dr. Doug Powlowski', 'Quo aut voluptatem id sint facere adipisci asperiores sed. Ut cumque architecto nesciunt aperiam quaerat mollitia neque. Reiciendis vero error pariatur libero esse optio consequatur.', 0, '2020-01-29 06:08:28', '2020-01-29 06:08:28'),
(326, 85, 'Garret Beier', 'Quaerat ipsa facere repudiandae maiores soluta in eum. Sint quos corrupti et dolorem eveniet placeat deleniti. Consequatur rerum hic aut non voluptas.', 3, '2020-01-29 06:08:28', '2020-01-29 06:08:28'),
(327, 71, 'Mack Kub Sr.', 'Cum quaerat reprehenderit error totam fugiat quibusdam culpa. Animi modi est omnis ex est quidem quis quo. Nemo eos ea aperiam aut sit architecto est.', 1, '2020-01-29 06:08:28', '2020-01-29 06:08:28'),
(328, 7, 'Yvonne Treutel', 'Temporibus aut voluptatem officiis omnis. Ut natus quod dignissimos nisi dolor. Optio repudiandae totam debitis porro.', 2, '2020-01-29 06:08:28', '2020-01-29 06:08:28'),
(330, 29, 'Ansley Green', 'Quaerat quasi quia fuga et et. Quae sit tempore delectus quia aliquam reiciendis. Eveniet quod esse aut voluptas possimus laborum aut.', 3, '2020-01-29 06:08:29', '2020-01-29 06:08:29'),
(331, 34, 'Derek Willms III', 'Et autem qui et labore numquam. Ea soluta architecto similique praesentium. Omnis cum porro nisi magnam dolor vero.', 2, '2020-01-29 06:08:29', '2020-01-29 06:08:29'),
(332, 46, 'Alberta Buckridge', 'Nobis minima reiciendis deleniti eius porro eos quis facere. Dicta sint doloribus aspernatur dolorem in repellendus. Minus velit excepturi ad.', 5, '2020-01-29 06:08:29', '2020-01-29 06:08:29'),
(333, 35, 'Loma Bailey', 'Qui quibusdam alias similique et maxime saepe. Praesentium omnis nulla libero. Nihil ab autem ipsam omnis.', 0, '2020-01-29 06:08:29', '2020-01-29 06:08:29'),
(334, 27, 'Una Rau', 'Optio quis dolor aperiam deleniti laboriosam ullam quia. Quos quia quia eum hic ea quo. Magnam corporis totam dolore ipsum. Aut ducimus ut sunt est.', 4, '2020-01-29 06:08:29', '2020-01-29 06:08:29'),
(335, 2, 'Floy Connelly', 'Atque voluptatem modi debitis vel voluptas ea eius. Voluptas natus aliquam accusantium mollitia et. Velit neque quis ut et.', 2, '2020-01-29 06:08:29', '2020-01-29 06:08:29'),
(336, 2, 'Yvette Wuckert III', 'Occaecati amet in ut sit. A rerum non rem. Sed sed labore ipsum vel quia nesciunt provident omnis. Et omnis et perspiciatis harum nihil quia.', 0, '2020-01-29 06:08:29', '2020-01-29 06:08:29'),
(337, 38, 'Phoebe Gulgowski', 'Quis numquam corrupti non esse voluptatem saepe optio. Libero illo nihil alias. Quia quo et ea natus. Animi rerum aliquid nihil atque. Atque est et deserunt inventore.', 1, '2020-01-29 06:08:29', '2020-01-29 06:08:29'),
(338, 65, 'Ms. Marjory Feest', 'Eos veniam dolor tenetur laboriosam. Voluptas suscipit quidem rem earum dolor.', 3, '2020-01-29 06:08:29', '2020-01-29 06:08:29'),
(339, 60, 'Lonnie Boyer', 'Quis sit pariatur assumenda illum suscipit nesciunt et. Ad amet atque minima beatae ut aperiam. Odio possimus soluta eos et repellendus maxime et nemo.', 4, '2020-01-29 06:08:29', '2020-01-29 06:08:29'),
(340, 48, 'Sunny Graham Sr.', 'Quibusdam quia deserunt placeat error et inventore enim. Ullam ex aut ad doloribus sunt. Rem praesentium modi autem vel sint sed hic.', 5, '2020-01-29 06:08:29', '2020-01-29 06:08:29'),
(341, 10, 'Prof. Rasheed Ritchie', 'Est ut voluptatem ut et et aliquid. Architecto in voluptas culpa voluptas mollitia nisi rerum maxime. Tenetur molestiae ipsum a nisi.', 4, '2020-01-29 06:08:29', '2020-01-29 06:08:29'),
(342, 20, 'Arnulfo Williamson DDS', 'Architecto in soluta et quod est modi autem. Mollitia iure non quis assumenda. Aut voluptatem dolorem consequatur natus vel cum. Molestias explicabo mollitia ab omnis ipsam.', 2, '2020-01-29 06:08:29', '2020-01-29 06:08:29'),
(343, 6, 'Cecilia Ryan', 'Aut eum blanditiis dolorum. Et dignissimos veniam voluptatem et pariatur. Cumque aperiam et doloribus voluptatem maiores provident exercitationem labore. Quis qui corrupti ducimus enim magni.', 3, '2020-01-29 06:08:29', '2020-01-29 06:08:29'),
(344, 71, 'Cydney Bradtke', 'Debitis consequatur possimus voluptatem laborum quis facilis ipsum minus. Ex inventore ut ea architecto aut adipisci similique. Ducimus optio explicabo et id doloremque qui.', 0, '2020-01-29 06:08:29', '2020-01-29 06:08:29'),
(345, 70, 'Marlene Ebert Jr.', 'Perspiciatis eligendi vero et fugit quisquam deleniti iure. Dolor dolorem inventore qui excepturi soluta labore. Qui corporis fuga impedit non itaque.', 1, '2020-01-29 06:08:29', '2020-01-29 06:08:29'),
(346, 82, 'Rosemarie Hills III', 'Velit explicabo nulla eaque aut. Ut rerum quod quos et in quam porro. Ex perspiciatis quae et est. Perspiciatis accusamus enim et vel dolore quisquam nesciunt quidem.', 0, '2020-01-29 06:08:29', '2020-01-29 06:08:29'),
(347, 10, 'Beryl Keeling', 'Quidem minus dolore adipisci et nobis. Beatae ipsa quia sed quo quia totam enim aut. Laudantium vel qui ut eos reiciendis. Aut voluptate perspiciatis voluptatem omnis ut porro. Aut officiis quas possimus et ea enim.', 0, '2020-01-29 06:08:29', '2020-01-29 06:08:29'),
(348, 49, 'Rylan Watsica', 'Dolor eligendi beatae et et. Porro in qui praesentium dolorem iste quas quia. Consequatur pariatur eos excepturi harum rerum. Ut doloribus quos qui ea.', 3, '2020-01-29 06:08:29', '2020-01-29 06:08:29'),
(349, 62, 'Kaitlyn Kovacek', 'Doloremque amet corrupti et ut voluptas earum a ut. Enim dolorum placeat aut nisi. Illum magni commodi quidem labore deleniti est et. Debitis soluta sed dolor repellat et debitis explicabo quia.', 4, '2020-01-29 06:08:30', '2020-01-29 06:08:30'),
(350, 26, 'Ms. Corine Nader MD', 'Qui voluptatem dicta in provident. Dolores iusto est ut et tempore. Qui voluptatibus dicta in omnis dolorem suscipit sunt vel. Ut omnis blanditiis repudiandae repellendus.', 2, '2020-01-29 06:08:30', '2020-01-29 06:08:30'),
(351, 34, 'Maye Bins I', 'Dolor itaque quaerat natus eum. Ipsa non at tenetur repudiandae aut autem est ad. Voluptatem at sed non.', 4, '2020-01-29 06:08:30', '2020-01-29 06:08:30'),
(352, 29, 'Marge Reynolds', 'Enim tenetur voluptatem optio et. Corporis suscipit non magni et perferendis corporis quos. Esse blanditiis facere labore harum porro totam doloremque. Nobis omnis nam distinctio quos voluptatem voluptas. Odit officiis suscipit aliquam aut quia est dicta.', 1, '2020-01-29 06:08:30', '2020-01-29 06:08:30'),
(353, 28, 'Kobe Roberts', 'Ratione voluptate sunt qui qui. Maxime qui libero ut molestiae rem. Rerum in aliquam minima magni nisi quis libero officiis. A ut sed voluptas dolor.', 2, '2020-01-29 06:08:30', '2020-01-29 06:08:30'),
(354, 56, 'Prof. Mariano Sipes', 'Et ut saepe rerum perferendis sapiente ut magni. Ut ab optio exercitationem ut possimus deleniti aperiam magni. Possimus rem molestias nam sint voluptate et.', 2, '2020-01-29 06:08:30', '2020-01-29 06:08:30'),
(355, 53, 'Deron Stokes', 'Impedit aut iste amet sit. Assumenda quo numquam ex culpa minus. Facere aut voluptatem vel et architecto ex.', 0, '2020-01-29 06:08:30', '2020-01-29 06:08:30'),
(356, 69, 'Franz Harvey', 'Nam sit maxime aliquam ut deleniti ipsa. Corrupti enim laborum voluptas in veritatis quia. Nesciunt harum ratione aspernatur qui sint facilis eos.', 3, '2020-01-29 06:08:30', '2020-01-29 06:08:30'),
(357, 90, 'Ena Welch', 'Recusandae qui sunt et voluptas non. Voluptates dolorum repellat placeat necessitatibus quia. Quisquam fugiat non recusandae. A et commodi illo voluptatem. Non quam aspernatur rerum aperiam aliquid.', 5, '2020-01-29 06:08:30', '2020-01-29 06:08:30'),
(358, 67, 'Rey Nienow', 'Eum deleniti sit temporibus blanditiis. Repudiandae minus in aliquid. Aut velit aut officiis. Labore consequatur eaque voluptates dolorem.', 1, '2020-01-29 06:08:30', '2020-01-29 06:08:30'),
(359, 98, 'Annie Kovacek', 'Ratione commodi vitae magni esse unde. Porro ratione suscipit magnam sit sit. Fugit vitae unde velit. Explicabo aut autem facere labore reiciendis id eum.', 2, '2020-01-29 06:08:30', '2020-01-29 06:08:30'),
(360, 81, 'Tyree Crist', 'Repellat exercitationem ut vel temporibus laborum autem. Magni quidem dolores distinctio et. Est quisquam qui enim ducimus quia. Qui ipsa voluptas sit.', 5, '2020-01-29 06:08:30', '2020-01-29 06:08:30'),
(361, 28, 'Prof. Jermain Mueller', 'Aliquid odit architecto enim consequatur. Similique non itaque corporis aut voluptas ex vel. Harum provident nihil magnam ut eius delectus ea.', 2, '2020-01-29 06:08:30', '2020-01-29 06:08:30'),
(362, 38, 'Ross Kshlerin', 'Exercitationem qui ut error. Cumque vitae voluptatem esse doloremque harum aliquid quisquam. Qui accusantium consequatur in provident unde. Eos et accusamus sed.', 0, '2020-01-29 06:08:30', '2020-01-29 06:08:30'),
(363, 76, 'Vance Mayert Jr.', 'Officia voluptates nihil aut et. Delectus recusandae est placeat dolorem. Est quasi similique voluptate voluptas ut cupiditate ipsum.', 3, '2020-01-29 06:08:30', '2020-01-29 06:08:30'),
(364, 28, 'Mr. Deshaun Paucek II', 'Et et animi fugit quisquam omnis voluptatum. Eos porro et sit unde non sit. Odit necessitatibus ullam quis dicta.', 3, '2020-01-29 06:08:30', '2020-01-29 06:08:30'),
(365, 9, 'Cornelius Wilkinson', 'Veniam illum aliquid molestias nulla illo et. Hic rem nobis omnis sequi consequatur. Quas reiciendis dolores nisi nihil sint. Reiciendis necessitatibus velit eum voluptates illo id natus.', 2, '2020-01-29 06:08:30', '2020-01-29 06:08:30'),
(366, 48, 'Bart Stanton', 'Fugiat corrupti omnis aspernatur ipsam reiciendis dicta odio. Iste voluptatibus cumque blanditiis. Expedita et ab facere beatae mollitia veniam autem.', 4, '2020-01-29 06:08:30', '2020-01-29 06:08:30'),
(367, 38, 'Mr. Eddie Muller', 'Eaque recusandae perferendis ut dolorum qui esse. Sint et adipisci dolorem repellat earum placeat sit. Voluptatem voluptas est qui expedita cumque officia illum.', 5, '2020-01-29 06:08:30', '2020-01-29 06:08:30'),
(368, 28, 'Miss Brianne Mitchell', 'Doloremque fuga eos labore molestias quasi ducimus doloremque. Quia quos autem eos et et unde tempore.', 4, '2020-01-29 06:08:30', '2020-01-29 06:08:30'),
(369, 15, 'Alexandrea Trantow', 'Et itaque dolor non reiciendis. Aut unde quam rerum neque. Autem nesciunt praesentium magnam quas magnam porro vel. Aspernatur quo quos ex veritatis voluptas.', 3, '2020-01-29 06:08:30', '2020-01-29 06:08:30'),
(371, 72, 'Ari Kulas', 'Ut quia qui repudiandae consequatur qui fuga quibusdam. Et veritatis fugiat explicabo magnam iure nam rem. Sequi corporis qui ea quas quod dolores.', 5, '2020-01-29 06:08:31', '2020-01-29 06:08:31'),
(372, 80, 'Caleb Marks', 'Commodi suscipit reprehenderit rerum aliquid amet voluptatum. Eligendi et dolore dolorem eos.', 0, '2020-01-29 06:08:31', '2020-01-29 06:08:31'),
(373, 66, 'Virgie Murphy', 'Sed sapiente voluptatem commodi omnis provident. Dolores omnis cumque itaque aut. Reiciendis ducimus aliquam autem quia soluta. Eveniet laboriosam sapiente nam amet.', 1, '2020-01-29 06:08:31', '2020-01-29 06:08:31'),
(374, 61, 'Ethyl Kilback', 'Cumque eum dolores dolorum ea harum accusamus atque. Esse ut voluptatibus delectus aperiam assumenda. Corporis veritatis similique repudiandae non. Non architecto repudiandae eum a.', 2, '2020-01-29 06:08:31', '2020-01-29 06:08:31'),
(375, 52, 'Dr. Louvenia Swift II', 'Non facilis alias accusantium ratione repellendus iste eius. Commodi tempore nihil odio amet. Earum aut hic natus quisquam rerum nemo nobis. Commodi sunt delectus soluta distinctio quis molestiae aut. Pariatur et quidem officia quo tempore deleniti ratione.', 3, '2020-01-29 06:08:31', '2020-01-29 06:08:31'),
(376, 99, 'Murl Mann', 'Consequatur in nihil ad consequatur. Omnis magnam ullam cum laboriosam quo sit est. Possimus veniam ullam expedita atque dolorum non sequi. Repellat eos incidunt voluptatum fugit.', 4, '2020-01-29 06:08:31', '2020-01-29 06:08:31'),
(377, 11, 'Prof. Audie Effertz DVM', 'Illo quasi rerum corrupti et voluptatem maiores modi. Harum quia qui aut corrupti vel commodi placeat ut. Et dolores tempora et autem ratione. Eum voluptate quod in facere voluptas.', 3, '2020-01-29 06:08:31', '2020-01-29 06:08:31'),
(378, 34, 'Mr. Timmy Stanton MD', 'Officia aperiam vel consequatur quia. Nihil odio quia culpa iusto.', 3, '2020-01-29 06:08:31', '2020-01-29 06:08:31'),
(379, 41, 'Karley Bins', 'Recusandae et quas incidunt molestiae. Hic nesciunt hic odio sunt qui facere est. Et officia est saepe est et maiores. Qui qui laudantium consectetur et.', 4, '2020-01-29 06:08:31', '2020-01-29 06:08:31'),
(380, 16, 'Maynard Pfeffer', 'Rerum maiores cum alias enim dolor perspiciatis at. Eum dolorum voluptatem voluptas et maiores quis. Et voluptatem nobis consequatur harum. Inventore sint deleniti aliquam quod libero omnis.', 3, '2020-01-29 06:08:31', '2020-01-29 06:08:31'),
(381, 87, 'Makenna Kutch', 'Maiores omnis aut autem blanditiis exercitationem. Labore perspiciatis sed quam vero quas. Nostrum totam excepturi suscipit voluptates est.', 3, '2020-01-29 06:08:31', '2020-01-29 06:08:31'),
(382, 6, 'Blanche Gaylord', 'Facere et illo sed maiores modi. Non minus laborum et delectus impedit quo. Distinctio cumque vel optio adipisci. Tempore aut corrupti optio voluptas repellendus fugiat.', 2, '2020-01-29 06:08:31', '2020-01-29 06:08:31'),
(383, 21, 'Nella Sawayn', 'Consequuntur soluta ipsam illum ut. Temporibus beatae beatae consectetur voluptatem. Dolorem ea pariatur itaque dolorem veniam maiores. Est est deleniti voluptatem molestiae animi optio enim.', 3, '2020-01-29 06:08:31', '2020-01-29 06:08:31'),
(384, 37, 'Constance Kuhic', 'Cupiditate suscipit facilis beatae harum quia debitis dolores. Dolorum soluta cum distinctio laboriosam ipsam et optio est. Est accusamus excepturi tenetur illo ut perspiciatis. Earum libero et aliquam ut.', 4, '2020-01-29 06:08:31', '2020-01-29 06:08:31'),
(385, 16, 'Mr. Stewart Hane Jr.', 'Labore eos fugiat ut ipsum. Quis ducimus recusandae ea quos. Autem minus recusandae nostrum aliquam rerum.', 3, '2020-01-29 06:08:31', '2020-01-29 06:08:31'),
(386, 36, 'Rosie Schroeder', 'Enim nobis quis dolorem quod veritatis et qui. Adipisci nobis voluptatem itaque voluptatibus perferendis distinctio. Sed omnis nisi qui aut voluptas alias est. Dolore sequi impedit rerum aut reiciendis quaerat iste.', 1, '2020-01-29 06:08:31', '2020-01-29 06:08:31'),
(387, 4, 'Esperanza Hoeger', 'Adipisci ut voluptates aliquam esse et. Mollitia molestiae libero sit eum. Harum officiis est alias autem mollitia recusandae est. Deleniti maxime corrupti reprehenderit facere id eos eum.', 2, '2020-01-29 06:08:31', '2020-01-29 06:08:31'),
(388, 23, 'Erich Paucek', 'Aperiam nemo et sint aut. Est dolore error eos distinctio. Quo earum amet et sed incidunt quo vero. Omnis est odit dolores voluptatem dolorum hic ipsum.', 4, '2020-01-29 06:08:31', '2020-01-29 06:08:31'),
(389, 74, 'Roxanne Crona Sr.', 'Recusandae facilis ut dolores rerum sed enim. Nemo eius adipisci rerum rerum dolor. Quia porro qui fugiat voluptas labore quidem. Dolore omnis quisquam itaque.', 3, '2020-01-29 06:08:31', '2020-01-29 06:08:31'),
(390, 15, 'Helena Muller', 'Quas temporibus atque placeat unde. Velit ut quas ex sed. Eos optio hic similique accusamus explicabo accusantium.', 5, '2020-01-29 06:08:31', '2020-01-29 06:08:31'),
(391, 58, 'Keaton Boyer', 'Illo eos eius facilis dolores perferendis sunt deserunt. Ea saepe deserunt nostrum et. Consequatur nemo qui voluptas molestias. Dicta voluptatem itaque praesentium quaerat.', 3, '2020-01-29 06:08:31', '2020-01-29 06:08:31'),
(392, 3, 'Niko Gislason', 'Ut ducimus earum maiores nemo. Tempora nobis voluptatem harum aut et assumenda fugiat. Autem quia non enim est corporis quis ab.', 1, '2020-01-29 06:08:32', '2020-01-29 06:08:32'),
(393, 41, 'Prof. Ewell Marks PhD', 'Magni dolore dolor quaerat corporis. Doloribus corrupti vel repellendus sit. Consectetur debitis maxime minima tempora aut excepturi et asperiores.', 2, '2020-01-29 06:08:32', '2020-01-29 06:08:32'),
(394, 52, 'Blaze Schowalter', 'Vero ut accusantium autem aut. Atque ullam quia nostrum velit corrupti incidunt. Totam sint maiores dolor natus repudiandae itaque iste. Sit vero non incidunt quod dolorem rem praesentium impedit.', 1, '2020-01-29 06:08:32', '2020-01-29 06:08:32'),
(395, 64, 'Carmelo Rempel', 'Est quos nisi vitae exercitationem aut molestiae. Eligendi libero rerum quos et eum voluptatem. Eligendi maxime itaque suscipit magni.', 0, '2020-01-29 06:08:32', '2020-01-29 06:08:32'),
(396, 76, 'Mr. Darryl Carroll', 'Ut neque qui quasi alias ea. Quos est accusamus libero distinctio et ea laboriosam. Possimus et incidunt voluptatum et aliquam et non soluta. Earum est ducimus sunt iure aliquam sunt.', 2, '2020-01-29 06:08:32', '2020-01-29 06:08:32'),
(397, 94, 'Zelda O\'Kon MD', 'Placeat quae aut aperiam quia. Aut est aut vel in ducimus assumenda ea. Laboriosam consectetur sed repellendus qui et reiciendis alias. Ad aliquam doloribus consequatur omnis ipsum porro. Et consectetur eius vitae id.', 2, '2020-01-29 06:08:32', '2020-01-29 06:08:32'),
(398, 26, 'Jennie Denesik', 'Inventore illum architecto iure voluptatem. Doloribus rerum qui saepe debitis quibusdam. Aut id dolore doloribus atque. Et quia velit expedita quis quia quidem.', 0, '2020-01-29 06:08:32', '2020-01-29 06:08:32'),
(399, 3, 'Andreanne Hodkiewicz', 'Aut sed magnam esse voluptatem id enim. Et minus ullam temporibus amet omnis nesciunt et laborum. Maxime eligendi qui consequuntur. Unde odio quo veniam commodi reiciendis omnis.', 0, '2020-01-29 06:08:32', '2020-01-29 06:08:32'),
(400, 68, 'Cordell Ryan', 'Qui ipsa ut dolor dolor voluptatem eum. Minus ducimus voluptatum magni doloremque quia illo nam dolorem. Sed ut maxime praesentium quia veniam voluptatibus. Sed corporis corporis iure illo.', 3, '2020-01-29 06:08:32', '2020-01-29 06:08:32'),
(402, 31, 'kamrul', 'Best thing on product', 5, '2020-01-29 07:58:05', '2020-01-29 07:58:05'),
(403, 31, 'kamrul', 'Best thing on product', 5, '2020-01-29 07:58:14', '2020-01-29 07:58:14'),
(404, 31, 'kamrul', 'Best thing on product', 5, '2020-01-29 08:04:36', '2020-01-29 08:04:36'),
(405, 31, 'kamrul is', 'Best thing on product', 5, '2020-01-29 08:13:42', '2020-01-29 08:13:42');

-- --------------------------------------------------------

--
-- Table structure for table `users`
--

CREATE TABLE `users` (
  `id` bigint(20) UNSIGNED NOT NULL,
  `name` varchar(255) COLLATE utf8mb4_unicode_ci NOT NULL,
  `email` varchar(150) COLLATE utf8mb4_unicode_ci NOT NULL,
  `email_verified_at` timestamp NULL DEFAULT NULL,
  `password` varchar(255) COLLATE utf8mb4_unicode_ci NOT NULL,
  `remember_token` varchar(100) COLLATE utf8mb4_unicode_ci DEFAULT NULL,
  `created_at` timestamp NULL DEFAULT NULL,
  `updated_at` timestamp NULL DEFAULT NULL
) ENGINE=InnoDB DEFAULT CHARSET=utf8mb4 COLLATE=utf8mb4_unicode_ci;

--
-- Dumping data for table `users`
--

INSERT INTO `users` (`id`, `name`, `email`, `email_verified_at`, `password`, `remember_token`, `created_at`, `updated_at`) VALUES
(1, 'Dr. Polly Haag Sr.', 'melyssa87@example.net', '2020-01-29 06:08:11', '$2y$10$92IXUNpkjO0rOQ5byMi.Ye4oKoEa3Ro9llC/.og/at2.uheWG/igi', 'XD4MlXPX7n', '2020-01-29 06:08:11', '2020-01-29 06:08:11'),
(2, 'Dayne Rutherford Jr.', 'kolby85@example.com', '2020-01-29 06:08:11', '$2y$10$92IXUNpkjO0rOQ5byMi.Ye4oKoEa3Ro9llC/.og/at2.uheWG/igi', '47TXdip90G', '2020-01-29 06:08:11', '2020-01-29 06:08:11'),
(3, 'Prof. Karley Skiles MD', 'buckridge.randy@example.org', '2020-01-29 06:08:11', '$2y$10$92IXUNpkjO0rOQ5byMi.Ye4oKoEa3Ro9llC/.og/at2.uheWG/igi', 'xocK26cYNi', '2020-01-29 06:08:11', '2020-01-29 06:08:11'),
(4, 'Stevie O\'Connell DDS', 'shakira25@example.org', '2020-01-29 06:08:11', '$2y$10$92IXUNpkjO0rOQ5byMi.Ye4oKoEa3Ro9llC/.og/at2.uheWG/igi', 'x9MIPNWYvR', '2020-01-29 06:08:11', '2020-01-29 06:08:11'),
(5, 'Billy Pfeffer', 'kessler.deanna@example.net', '2020-01-29 06:08:11', '$2y$10$92IXUNpkjO0rOQ5byMi.Ye4oKoEa3Ro9llC/.og/at2.uheWG/igi', '4SgzOpqIQ3', '2020-01-29 06:08:11', '2020-01-29 06:08:11');

--
-- Indexes for dumped tables
--

--
-- Indexes for table `failed_jobs`
--
ALTER TABLE `failed_jobs`
  ADD PRIMARY KEY (`id`);

--
-- Indexes for table `migrations`
--
ALTER TABLE `migrations`
  ADD PRIMARY KEY (`id`);

--
-- Indexes for table `oauth_access_tokens`
--
ALTER TABLE `oauth_access_tokens`
  ADD PRIMARY KEY (`id`),
  ADD KEY `oauth_access_tokens_user_id_index` (`user_id`);

--
-- Indexes for table `oauth_auth_codes`
--
ALTER TABLE `oauth_auth_codes`
  ADD PRIMARY KEY (`id`);

--
-- Indexes for table `oauth_clients`
--
ALTER TABLE `oauth_clients`
  ADD PRIMARY KEY (`id`),
  ADD KEY `oauth_clients_user_id_index` (`user_id`);

--
-- Indexes for table `oauth_personal_access_clients`
--
ALTER TABLE `oauth_personal_access_clients`
  ADD PRIMARY KEY (`id`),
  ADD KEY `oauth_personal_access_clients_client_id_index` (`client_id`);

--
-- Indexes for table `oauth_refresh_tokens`
--
ALTER TABLE `oauth_refresh_tokens`
  ADD PRIMARY KEY (`id`),
  ADD KEY `oauth_refresh_tokens_access_token_id_index` (`access_token_id`);

--
-- Indexes for table `password_resets`
--
ALTER TABLE `password_resets`
  ADD KEY `password_resets_email_index` (`email`);

--
-- Indexes for table `products`
--
ALTER TABLE `products`
  ADD PRIMARY KEY (`id`),
  ADD KEY `products_user_id_index` (`user_id`);

--
-- Indexes for table `reviews`
--
ALTER TABLE `reviews`
  ADD PRIMARY KEY (`id`),
  ADD KEY `reviews_product_id_index` (`product_id`);

--
-- Indexes for table `users`
--
ALTER TABLE `users`
  ADD PRIMARY KEY (`id`),
  ADD UNIQUE KEY `users_email_unique` (`email`);

--
-- AUTO_INCREMENT for dumped tables
--

--
-- AUTO_INCREMENT for table `failed_jobs`
--
ALTER TABLE `failed_jobs`
  MODIFY `id` bigint(20) UNSIGNED NOT NULL AUTO_INCREMENT;

--
-- AUTO_INCREMENT for table `migrations`
--
ALTER TABLE `migrations`
  MODIFY `id` int(10) UNSIGNED NOT NULL AUTO_INCREMENT, AUTO_INCREMENT=21;

--
-- AUTO_INCREMENT for table `oauth_clients`
--
ALTER TABLE `oauth_clients`
  MODIFY `id` int(10) UNSIGNED NOT NULL AUTO_INCREMENT, AUTO_INCREMENT=3;

--
-- AUTO_INCREMENT for table `oauth_personal_access_clients`
--
ALTER TABLE `oauth_personal_access_clients`
  MODIFY `id` int(10) UNSIGNED NOT NULL AUTO_INCREMENT, AUTO_INCREMENT=2;

--
-- AUTO_INCREMENT for table `products`
--
ALTER TABLE `products`
  MODIFY `id` int(10) UNSIGNED NOT NULL AUTO_INCREMENT, AUTO_INCREMENT=102;

--
-- AUTO_INCREMENT for table `reviews`
--
ALTER TABLE `reviews`
  MODIFY `id` int(10) UNSIGNED NOT NULL AUTO_INCREMENT, AUTO_INCREMENT=406;

--
-- AUTO_INCREMENT for table `users`
--
ALTER TABLE `users`
  MODIFY `id` bigint(20) UNSIGNED NOT NULL AUTO_INCREMENT, AUTO_INCREMENT=6;

--
-- Constraints for dumped tables
--

--
-- Constraints for table `reviews`
--
ALTER TABLE `reviews`
  ADD CONSTRAINT `reviews_product_id_foreign` FOREIGN KEY (`product_id`) REFERENCES `products` (`id`) ON DELETE CASCADE;
COMMIT;

/*!40101 SET CHARACTER_SET_CLIENT=@OLD_CHARACTER_SET_CLIENT */;
/*!40101 SET CHARACTER_SET_RESULTS=@OLD_CHARACTER_SET_RESULTS */;
/*!40101 SET COLLATION_CONNECTION=@OLD_COLLATION_CONNECTION */;
